Found 180579 patents without analysis
Using vLLM API at http://172.19.0.3:8000
------------------------------------------------------------
[15:51:38] Analyzed 1/180579 patents (0.3/sec, ~10684.7 min remaining)
[15:51:44] Analyzed 10/180579 patents (1.0/sec, ~3013.8 min remaining)
[15:51:52] Analyzed 20/180579 patents (1.1/sec, ~2638.4 min remaining)
[15:52:14] Analyzed 30/180579 patents (0.8/sec, ~4011.6 min remaining)
[15:52:44] Analyzed 40/180579 patents (0.6/sec, ~5241.3 min remaining)
[15:52:55] Analyzed 50/180579 patents (0.6/sec, ~4877.9 min remaining)
[15:53:43] Analyzed 60/180579 patents (0.5/sec, ~6450.0 min remaining)
[15:53:59] Analyzed 70/180579 patents (0.5/sec, ~6229.4 min remaining)
[15:54:26] Analyzed 80/180579 patents (0.5/sec, ~6462.3 min remaining)
[15:54:45] Analyzed 90/180579 patents (0.5/sec, ~6379.6 min remaining)
[15:54:48] Analyzed 100/180579 patents (0.5/sec, ~5837.1 min remaining)
[15:55:21] Analyzed 110/180579 patents (0.5/sec, ~6208.1 min remaining)
ERROR patent 180465: database is locked
ERROR patent 180464: database is locked
[15:56:50] Analyzed 120/180579 patents (0.4/sec, ~7923.3 min remaining)
[15:57:22] Analyzed 130/180579 patents (0.4/sec, ~8059.9 min remaining)
[15:57:51] Analyzed 140/180579 patents (0.4/sec, ~8099.2 min remaining)
[15:59:22] Analyzed 150/180579 patents (0.3/sec, ~9385.3 min remaining)
[16:00:45] Analyzed 160/180579 patents (0.3/sec, ~10361.8 min remaining)
[16:02:05] Analyzed 170/180579 patents (0.3/sec, ~11167.5 min remaining)
[16:02:19] Analyzed 180/180579 patents (0.3/sec, ~10777.0 min remaining)
[16:02:27] Analyzed 190/180579 patents (0.3/sec, ~10327.9 min remaining)
[16:02:51] Analyzed 200/180579 patents (0.3/sec, ~10181.1 min remaining)
[16:03:19] Analyzed 210/180579 patents (0.3/sec, ~10096.7 min remaining)
[16:03:45] Analyzed 220/180579 patents (0.3/sec, ~9992.9 min remaining)
[16:04:12] Analyzed 230/180579 patents (0.3/sec, ~9910.4 min remaining)
[16:04:21] Analyzed 240/180579 patents (0.3/sec, ~9602.3 min remaining)
[16:04:59] Analyzed 250/180579 patents (0.3/sec, ~9672.3 min remaining)
[16:06:22] Analyzed 260/180579 patents (0.3/sec, ~10265.7 min remaining)
[16:08:01] Analyzed 270/180579 patents (0.3/sec, ~10990.5 min remaining)
[16:08:27] Analyzed 280/180579 patents (0.3/sec, ~10870.4 min remaining)
[16:08:40] Analyzed 290/180579 patents (0.3/sec, ~10631.3 min remaining)
[16:08:54] Analyzed 300/180579 patents (0.3/sec, ~10413.6 min remaining)
[16:09:02] Analyzed 310/180579 patents (0.3/sec, ~10154.7 min remaining)
[16:09:05] Analyzed 320/180579 patents (0.3/sec, ~9866.4 min remaining)
[16:09:16] Analyzed 330/180579 patents (0.3/sec, ~9666.0 min remaining)
[16:09:28] Analyzed 340/180579 patents (0.3/sec, ~9492.5 min remaining)
[16:09:58] Analyzed 350/180579 patents (0.3/sec, ~9473.9 min remaining)
[16:10:09] Analyzed 360/180579 patents (0.3/sec, ~9306.7 min remaining)
[16:10:28] Analyzed 370/180579 patents (0.3/sec, ~9206.3 min remaining)
[16:11:56] Analyzed 380/180579 patents (0.3/sec, ~9654.4 min remaining)
[16:11:58] Analyzed 390/180579 patents (0.3/sec, ~9427.1 min remaining)
[16:12:17] Analyzed 400/180579 patents (0.3/sec, ~9330.3 min remaining)
[16:12:20] Analyzed 410/180579 patents (0.3/sec, ~9125.5 min remaining)
[16:12:23] Analyzed 420/180579 patents (0.3/sec, ~8930.7 min remaining)
[16:12:26] Analyzed 430/180579 patents (0.3/sec, ~8744.4 min remaining)
[16:12:30] Analyzed 440/180579 patents (0.4/sec, ~8567.0 min remaining)
[16:12:33] Analyzed 450/180579 patents (0.4/sec, ~8397.4 min remaining)
[16:13:09] Analyzed 460/180579 patents (0.4/sec, ~8451.5 min remaining)
[16:13:12] Analyzed 470/180579 patents (0.4/sec, ~8291.5 min remaining)
[16:13:29] Analyzed 480/180579 patents (0.4/sec, ~8225.6 min remaining)
[16:14:03] Analyzed 490/180579 patents (0.4/sec, ~8264.3 min remaining)
[16:14:12] Analyzed 500/180579 patents (0.4/sec, ~8148.6 min remaining)
[16:14:31] Analyzed 510/180579 patents (0.4/sec, ~8103.6 min remaining)
[16:14:47] Analyzed 520/180579 patents (0.4/sec, ~8037.1 min remaining)
[16:14:56] Analyzed 530/180579 patents (0.4/sec, ~7936.1 min remaining)
[16:14:59] Analyzed 540/180579 patents (0.4/sec, ~7806.6 min remaining)
[16:15:02] Analyzed 550/180579 patents (0.4/sec, ~7681.1 min remaining)
[16:15:08] Analyzed 560/180579 patents (0.4/sec, ~7577.4 min remaining)
[16:15:25] Analyzed 570/180579 patents (0.4/sec, ~7533.3 min remaining)
[16:16:11] Analyzed 580/180579 patents (0.4/sec, ~7636.9 min remaining)
[16:16:20] Analyzed 590/180579 patents (0.4/sec, ~7556.5 min remaining)
[16:16:55] Analyzed 600/180579 patents (0.4/sec, ~7602.6 min remaining)
[16:17:28] Analyzed 610/180579 patents (0.4/sec, ~7643.4 min remaining)
[16:17:32] Analyzed 620/180579 patents (0.4/sec, ~7534.8 min remaining)
[16:18:44] Analyzed 630/180579 patents (0.4/sec, ~7759.9 min remaining)
[16:19:34] Analyzed 640/180579 patents (0.4/sec, ~7872.6 min remaining)
[16:20:23] Analyzed 650/180579 patents (0.4/sec, ~7978.8 min remaining)
[16:20:46] Analyzed 660/180579 patents (0.4/sec, ~7958.0 min remaining)
[16:20:54] Analyzed 670/180579 patents (0.4/sec, ~7874.5 min remaining)
[16:21:02] Analyzed 680/180579 patents (0.4/sec, ~7793.4 min remaining)
[16:21:17] Analyzed 690/180579 patents (0.4/sec, ~7746.5 min remaining)
[16:21:29] Analyzed 700/180579 patents (0.4/sec, ~7688.1 min remaining)
[16:21:51] Analyzed 710/180579 patents (0.4/sec, ~7670.0 min remaining)
[16:22:48] Analyzed 720/180579 patents (0.4/sec, ~7802.5 min remaining)
[16:23:13] Analyzed 730/180579 patents (0.4/sec, ~7795.8 min remaining)
[16:23:36] Analyzed 740/180579 patents (0.4/sec, ~7786.7 min remaining)
[16:24:25] Analyzed 750/180579 patents (0.4/sec, ~7877.4 min remaining)
[16:24:43] Analyzed 760/180579 patents (0.4/sec, ~7841.3 min remaining)
[16:25:15] Analyzed 770/180579 patents (0.4/sec, ~7866.9 min remaining)
[16:25:19] Analyzed 780/180579 patents (0.4/sec, ~7777.9 min remaining)
[16:26:11] Analyzed 790/180579 patents (0.4/sec, ~7878.0 min remaining)
[16:26:47] Analyzed 800/180579 patents (0.4/sec, ~7914.7 min remaining)
[16:27:05] Analyzed 810/180579 patents (0.4/sec, ~7880.5 min remaining)
[16:27:27] Analyzed 820/180579 patents (0.4/sec, ~7867.7 min remaining)
[16:28:10] Analyzed 830/180579 patents (0.4/sec, ~7927.7 min remaining)
[16:29:13] Analyzed 840/180579 patents (0.4/sec, ~8055.3 min remaining)
[16:30:05] Analyzed 850/180579 patents (0.4/sec, ~8145.1 min remaining)
[16:30:41] Analyzed 860/180579 patents (0.4/sec, ~8173.6 min remaining)
[16:32:02] Analyzed 870/180579 patents (0.4/sec, ~8357.2 min remaining)
[16:32:05] Analyzed 880/180579 patents (0.4/sec, ~8272.6 min remaining)
[16:32:24] Analyzed 890/180579 patents (0.4/sec, ~8244.7 min remaining)
[16:33:00] Analyzed 900/180579 patents (0.4/sec, ~8271.7 min remaining)
[16:33:35] Analyzed 910/180579 patents (0.4/sec, ~8295.8 min remaining)
[16:34:00] Analyzed 920/180579 patents (0.4/sec, ~8287.6 min remaining)
[16:34:50] Analyzed 930/180579 patents (0.4/sec, ~8357.2 min remaining)
[16:35:21] Analyzed 940/180579 patents (0.4/sec, ~8368.5 min remaining)
[16:35:58] Analyzed 950/180579 patents (0.4/sec, ~8394.6 min remaining)
[16:36:46] Analyzed 960/180579 patents (0.4/sec, ~8456.9 min remaining)
[16:37:29] Analyzed 970/180579 patents (0.4/sec, ~8501.7 min remaining)
[16:38:15] Analyzed 980/180579 patents (0.3/sec, ~8556.1 min remaining)
[16:38:31] Analyzed 990/180579 patents (0.4/sec, ~8518.0 min remaining)
[16:39:38] Analyzed 1000/180579 patents (0.3/sec, ~8632.5 min remaining)
[16:39:45] Analyzed 1010/180579 patents (0.3/sec, ~8565.7 min remaining)
[16:39:48] Analyzed 1020/180579 patents (0.4/sec, ~8490.5 min remaining)
[16:39:51] Analyzed 1030/180579 patents (0.4/sec, ~8416.9 min remaining)
[16:40:02] Analyzed 1040/180579 patents (0.4/sec, ~8366.9 min remaining)
[16:40:11] Analyzed 1050/180579 patents (0.4/sec, ~8311.2 min remaining)
[16:40:14] Analyzed 1060/180579 patents (0.4/sec, ~8241.5 min remaining)
[16:40:27] Analyzed 1070/180579 patents (0.4/sec, ~8200.0 min remaining)
[16:40:30] Analyzed 1080/180579 patents (0.4/sec, ~8132.4 min remaining)
[16:41:03] Analyzed 1090/180579 patents (0.4/sec, ~8148.2 min remaining)
[16:41:44] Analyzed 1100/180579 patents (0.4/sec, ~8185.6 min remaining)
[16:41:57] Analyzed 1110/180579 patents (0.4/sec, ~8145.7 min remaining)
[16:42:51] Analyzed 1120/180579 patents (0.4/sec, ~8217.7 min remaining)
[16:43:14] Analyzed 1130/180579 patents (0.4/sec, ~8205.4 min remaining)
[16:43:17] Analyzed 1140/180579 patents (0.4/sec, ~8141.4 min remaining)
[16:43:21] Analyzed 1150/180579 patents (0.4/sec, ~8078.5 min remaining)
[16:43:24] Analyzed 1160/180579 patents (0.4/sec, ~8016.7 min remaining)
[16:43:27] Analyzed 1170/180579 patents (0.4/sec, ~7956.0 min remaining)
[16:43:34] Analyzed 1180/180579 patents (0.4/sec, ~7905.1 min remaining)
[16:44:04] Analyzed 1190/180579 patents (0.4/sec, ~7914.2 min remaining)
[16:44:37] Analyzed 1200/180579 patents (0.4/sec, ~7928.8 min remaining)
[16:44:58] Analyzed 1210/180579 patents (0.4/sec, ~7916.2 min remaining)
[16:45:20] Analyzed 1220/180579 patents (0.4/sec, ~7905.2 min remaining)
[16:45:31] Analyzed 1230/180579 patents (0.4/sec, ~7866.3 min remaining)
[16:45:34] Analyzed 1240/180579 patents (0.4/sec, ~7810.1 min remaining)
[16:46:07] Analyzed 1250/180579 patents (0.4/sec, ~7825.8 min remaining)
[16:46:29] Analyzed 1260/180579 patents (0.4/sec, ~7816.3 min remaining)
[16:46:48] Analyzed 1270/180579 patents (0.4/sec, ~7797.5 min remaining)
[16:46:51] Analyzed 1280/180579 patents (0.4/sec, ~7743.5 min remaining)
[16:47:08] Analyzed 1290/180579 patents (0.4/sec, ~7723.0 min remaining)
[16:47:34] Analyzed 1300/180579 patents (0.4/sec, ~7723.7 min remaining)
[16:48:45] Analyzed 1310/180579 patents (0.4/sec, ~7824.4 min remaining)
[16:49:01] Analyzed 1320/180579 patents (0.4/sec, ~7802.7 min remaining)
[16:49:05] Analyzed 1330/180579 patents (0.4/sec, ~7750.8 min remaining)
[16:49:41] Analyzed 1340/180579 patents (0.4/sec, ~7773.9 min remaining)
[16:50:19] Analyzed 1350/180579 patents (0.4/sec, ~7799.4 min remaining)
[16:51:42] Analyzed 1360/180579 patents (0.4/sec, ~7924.9 min remaining)
[16:52:25] Analyzed 1370/180579 patents (0.4/sec, ~7959.9 min remaining)
[16:52:28] Analyzed 1380/180579 patents (0.4/sec, ~7908.4 min remaining)
[16:52:31] Analyzed 1390/180579 patents (0.4/sec, ~7857.9 min remaining)
[16:52:40] Analyzed 1400/180579 patents (0.4/sec, ~7820.0 min remaining)
[16:53:08] Analyzed 1410/180579 patents (0.4/sec, ~7822.3 min remaining)
[16:53:17] Analyzed 1420/180579 patents (0.4/sec, ~7785.9 min remaining)
[16:53:36] Analyzed 1430/180579 patents (0.4/sec, ~7770.9 min remaining)
[16:53:59] Analyzed 1440/180579 patents (0.4/sec, ~7765.1 min remaining)
[16:54:05] Analyzed 1450/180579 patents (0.4/sec, ~7723.7 min remaining)
[16:54:12] Analyzed 1460/180579 patents (0.4/sec, ~7684.1 min remaining)
[16:54:20] Analyzed 1470/180579 patents (0.4/sec, ~7648.5 min remaining)
[16:54:59] Analyzed 1480/180579 patents (0.4/sec, ~7674.0 min remaining)
[16:56:19] Analyzed 1490/180579 patents (0.4/sec, ~7781.6 min remaining)
[16:57:06] Analyzed 1500/180579 patents (0.4/sec, ~7823.8 min remaining)
[16:57:38] Analyzed 1510/180579 patents (0.4/sec, ~7835.5 min remaining)
[16:58:17] Analyzed 1520/180579 patents (0.4/sec, ~7859.4 min remaining)
[16:59:26] Analyzed 1530/180579 patents (0.4/sec, ~7943.0 min remaining)
[16:59:53] Analyzed 1540/180579 patents (0.4/sec, ~7942.5 min remaining)
[17:00:13] Analyzed 1550/180579 patents (0.4/sec, ~7928.6 min remaining)
[17:00:30] Analyzed 1560/180579 patents (0.4/sec, ~7911.2 min remaining)
[17:00:53] Analyzed 1570/180579 patents (0.4/sec, ~7903.2 min remaining)
[17:01:01] Analyzed 1580/180579 patents (0.4/sec, ~7868.2 min remaining)
[17:01:24] Analyzed 1590/180579 patents (0.4/sec, ~7861.4 min remaining)
[17:02:13] Analyzed 1600/180579 patents (0.4/sec, ~7903.9 min remaining)
[17:02:33] Analyzed 1610/180579 patents (0.4/sec, ~7891.3 min remaining)
[17:03:27] Analyzed 1620/180579 patents (0.4/sec, ~7941.1 min remaining)
[17:04:24] Analyzed 1630/180579 patents (0.4/sec, ~7995.3 min remaining)
[17:04:53] Analyzed 1640/180579 patents (0.4/sec, ~7999.9 min remaining)
[17:05:40] Analyzed 1650/180579 patents (0.4/sec, ~8034.7 min remaining)
[17:05:53] Analyzed 1660/180579 patents (0.4/sec, ~8009.5 min remaining)
[17:06:01] Analyzed 1670/180579 patents (0.4/sec, ~7975.5 min remaining)
[17:06:04] Analyzed 1680/180579 patents (0.4/sec, ~7933.2 min remaining)
[17:06:07] Analyzed 1690/180579 patents (0.4/sec, ~7891.5 min remaining)
[17:06:20] Analyzed 1700/180579 patents (0.4/sec, ~7867.8 min remaining)
[17:06:28] Analyzed 1710/180579 patents (0.4/sec, ~7834.3 min remaining)
[17:06:45] Analyzed 1720/180579 patents (0.4/sec, ~7818.7 min remaining)
[17:07:13] Analyzed 1730/180579 patents (0.4/sec, ~7820.0 min remaining)
[17:07:52] Analyzed 1740/180579 patents (0.4/sec, ~7841.8 min remaining)
[17:08:44] Analyzed 1750/180579 patents (0.4/sec, ~7884.8 min remaining)
[17:09:19] Analyzed 1760/180579 patents (0.4/sec, ~7900.2 min remaining)
[17:09:46] Analyzed 1770/180579 patents (0.4/sec, ~7900.2 min remaining)
[17:10:07] Analyzed 1780/180579 patents (0.4/sec, ~7890.5 min remaining)
[17:10:24] Analyzed 1790/180579 patents (0.4/sec, ~7873.4 min remaining)
[17:10:27] Analyzed 1800/180579 patents (0.4/sec, ~7834.5 min remaining)
[17:10:30] Analyzed 1810/180579 patents (0.4/sec, ~7795.9 min remaining)
[17:10:38] Analyzed 1820/180579 patents (0.4/sec, ~7766.0 min remaining)
[17:11:08] Analyzed 1830/180579 patents (0.4/sec, ~7772.2 min remaining)
[17:11:29] Analyzed 1840/180579 patents (0.4/sec, ~7762.8 min remaining)
[17:11:37] Analyzed 1850/180579 patents (0.4/sec, ~7733.2 min remaining)
[17:12:13] Analyzed 1860/180579 patents (0.4/sec, ~7749.2 min remaining)
[17:12:16] Analyzed 1870/180579 patents (0.4/sec, ~7712.4 min remaining)
[17:12:42] Analyzed 1880/180579 patents (0.4/sec, ~7712.2 min remaining)
[17:12:50] Analyzed 1890/180579 patents (0.4/sec, ~7683.0 min remaining)
[17:12:53] Analyzed 1900/180579 patents (0.4/sec, ~7647.0 min remaining)
[17:12:56] Analyzed 1910/180579 patents (0.4/sec, ~7611.5 min remaining)
[17:13:16] Analyzed 1920/180579 patents (0.4/sec, ~7602.2 min remaining)
[17:13:50] Analyzed 1930/180579 patents (0.4/sec, ~7614.5 min remaining)
[17:14:51] Analyzed 1940/180579 patents (0.4/sec, ~7669.0 min remaining)
[17:15:42] Analyzed 1950/180579 patents (0.4/sec, ~7707.7 min remaining)
[17:16:03] Analyzed 1960/180579 patents (0.4/sec, ~7699.5 min remaining)
[17:16:30] Analyzed 1970/180579 patents (0.4/sec, ~7700.6 min remaining)
[17:17:14] Analyzed 1980/180579 patents (0.4/sec, ~7726.8 min remaining)
[17:18:32] Analyzed 1990/180579 patents (0.4/sec, ~7804.1 min remaining)
[17:18:54] Analyzed 2000/180579 patents (0.4/sec, ~7798.2 min remaining)
[17:19:04] Analyzed 2010/180579 patents (0.4/sec, ~7773.0 min remaining)
[17:19:32] Analyzed 2020/180579 patents (0.4/sec, ~7776.1 min remaining)
[17:19:35] Analyzed 2030/180579 patents (0.4/sec, ~7742.1 min remaining)
[17:20:04] Analyzed 2040/180579 patents (0.4/sec, ~7746.0 min remaining)
[17:20:32] Analyzed 2050/180579 patents (0.4/sec, ~7748.5 min remaining)
[17:20:42] Analyzed 2060/180579 patents (0.4/sec, ~7724.4 min remaining)
[17:20:45] Analyzed 2070/180579 patents (0.4/sec, ~7691.2 min remaining)
[17:21:10] Analyzed 2080/180579 patents (0.4/sec, ~7689.3 min remaining)
[17:22:20] Analyzed 2090/180579 patents (0.4/sec, ~7751.1 min remaining)
[17:22:53] Analyzed 2100/180579 patents (0.4/sec, ~7760.7 min remaining)
[17:23:15] Analyzed 2110/180579 patents (0.4/sec, ~7754.7 min remaining)
[17:23:55] Analyzed 2120/180579 patents (0.4/sec, ~7773.2 min remaining)
[17:24:36] Analyzed 2130/180579 patents (0.4/sec, ~7794.1 min remaining)
[17:25:24] Analyzed 2140/180579 patents (0.4/sec, ~7824.4 min remaining)
[17:25:37] Analyzed 2150/180579 patents (0.4/sec, ~7805.5 min remaining)
[17:25:49] Analyzed 2160/180579 patents (0.4/sec, ~7785.4 min remaining)
[17:26:05] Analyzed 2170/180579 patents (0.4/sec, ~7771.3 min remaining)
[17:26:34] Analyzed 2180/180579 patents (0.4/sec, ~7774.7 min remaining)
[17:27:11] Analyzed 2190/180579 patents (0.4/sec, ~7788.3 min remaining)
[17:27:24] Analyzed 2200/180579 patents (0.4/sec, ~7770.1 min remaining)
[17:27:42] Analyzed 2210/180579 patents (0.4/sec, ~7759.3 min remaining)
[17:28:29] Analyzed 2220/180579 patents (0.4/sec, ~7786.2 min remaining)
[17:29:10] Analyzed 2230/180579 patents (0.4/sec, ~7806.3 min remaining)
[17:29:58] Analyzed 2240/180579 patents (0.4/sec, ~7833.9 min remaining)
[17:30:21] Analyzed 2250/180579 patents (0.4/sec, ~7829.9 min remaining)
[17:31:04] Analyzed 2260/180579 patents (0.4/sec, ~7850.9 min remaining)
[17:31:22] Analyzed 2270/180579 patents (0.4/sec, ~7839.5 min remaining)
[17:31:25] Analyzed 2280/180579 patents (0.4/sec, ~7808.8 min remaining)
[17:31:29] Analyzed 2290/180579 patents (0.4/sec, ~7778.4 min remaining)
[17:31:41] Analyzed 2300/180579 patents (0.4/sec, ~7760.0 min remaining)
[17:32:00] Analyzed 2310/180579 patents (0.4/sec, ~7750.6 min remaining)
[17:32:25] Analyzed 2320/180579 patents (0.4/sec, ~7749.0 min remaining)
[17:32:58] Analyzed 2330/180579 patents (0.4/sec, ~7757.1 min remaining)
[17:33:21] Analyzed 2340/180579 patents (0.4/sec, ~7752.9 min remaining)
[17:33:47] Analyzed 2350/180579 patents (0.4/sec, ~7752.8 min remaining)
[17:34:06] Analyzed 2360/180579 patents (0.4/sec, ~7743.3 min remaining)
[17:34:09] Analyzed 2370/180579 patents (0.4/sec, ~7714.2 min remaining)
[17:34:25] Analyzed 2380/180579 patents (0.4/sec, ~7700.5 min remaining)
[17:34:38] Analyzed 2390/180579 patents (0.4/sec, ~7683.9 min remaining)
[17:34:49] Analyzed 2400/180579 patents (0.4/sec, ~7665.3 min remaining)
[17:35:02] Analyzed 2410/180579 patents (0.4/sec, ~7649.2 min remaining)
[17:35:13] Analyzed 2420/180579 patents (0.4/sec, ~7631.1 min remaining)
[17:35:43] Analyzed 2430/180579 patents (0.4/sec, ~7635.9 min remaining)
[17:35:52] Analyzed 2440/180579 patents (0.4/sec, ~7614.6 min remaining)
[17:35:55] Analyzed 2450/180579 patents (0.4/sec, ~7586.8 min remaining)
[17:36:24] Analyzed 2460/180579 patents (0.4/sec, ~7589.9 min remaining)
[17:36:27] Analyzed 2470/180579 patents (0.4/sec, ~7562.7 min remaining)
[17:36:44] Analyzed 2480/180579 patents (0.4/sec, ~7552.1 min remaining)
[17:37:21] Analyzed 2490/180579 patents (0.4/sec, ~7565.7 min remaining)
[17:38:19] Analyzed 2500/180579 patents (0.4/sec, ~7604.1 min remaining)
[17:39:00] Analyzed 2510/180579 patents (0.4/sec, ~7621.1 min remaining)
[17:39:30] Analyzed 2520/180579 patents (0.4/sec, ~7626.1 min remaining)
[17:40:10] Analyzed 2530/180579 patents (0.4/sec, ~7642.3 min remaining)
[17:40:13] Analyzed 2540/180579 patents (0.4/sec, ~7615.5 min remaining)
[17:41:17] Analyzed 2550/180579 patents (0.4/sec, ~7660.0 min remaining)
[17:42:09] Analyzed 2560/180579 patents (0.4/sec, ~7689.3 min remaining)
[17:42:40] Analyzed 2570/180579 patents (0.4/sec, ~7694.8 min remaining)
[17:42:50] Analyzed 2580/180579 patents (0.4/sec, ~7676.0 min remaining)
[17:42:53] Analyzed 2590/180579 patents (0.4/sec, ~7649.6 min remaining)
[17:43:10] Analyzed 2600/180579 patents (0.4/sec, ~7639.2 min remaining)
[17:43:17] Analyzed 2610/180579 patents (0.4/sec, ~7618.1 min remaining)
[17:43:28] Analyzed 2620/180579 patents (0.4/sec, ~7600.8 min remaining)
[17:43:39] Analyzed 2630/180579 patents (0.4/sec, ~7583.1 min remaining)
[17:44:37] Analyzed 2640/180579 patents (0.4/sec, ~7620.0 min remaining)
[17:45:03] Analyzed 2650/180579 patents (0.4/sec, ~7619.4 min remaining)
[17:45:11] Analyzed 2660/180579 patents (0.4/sec, ~7599.9 min remaining)
[17:46:34] Analyzed 2670/180579 patents (0.4/sec, ~7662.5 min remaining)
[17:47:51] Analyzed 2680/180579 patents (0.4/sec, ~7719.0 min remaining)
[17:48:39] Analyzed 2690/180579 patents (0.4/sec, ~7742.9 min remaining)
[17:49:14] Analyzed 2700/180579 patents (0.4/sec, ~7751.8 min remaining)
[17:50:10] Analyzed 2710/180579 patents (0.4/sec, ~7783.7 min remaining)
[17:51:34] Analyzed 2720/180579 patents (0.4/sec, ~7846.5 min remaining)
[17:52:33] Analyzed 2730/180579 patents (0.4/sec, ~7881.6 min remaining)
[17:52:54] Analyzed 2740/180579 patents (0.4/sec, ~7875.1 min remaining)
[17:53:19] Analyzed 2750/180579 patents (0.4/sec, ~7873.3 min remaining)
[17:53:51] Analyzed 2760/180579 patents (0.4/sec, ~7878.6 min remaining)
[17:54:10] Analyzed 2770/180579 patents (0.4/sec, ~7870.3 min remaining)
[17:54:14] Analyzed 2780/180579 patents (0.4/sec, ~7845.0 min remaining)
[17:54:40] Analyzed 2790/180579 patents (0.4/sec, ~7844.8 min remaining)
[17:54:44] Analyzed 2800/180579 patents (0.4/sec, ~7819.8 min remaining)
[17:55:01] Analyzed 2810/180579 patents (0.4/sec, ~7809.8 min remaining)
[17:55:23] Analyzed 2820/180579 patents (0.4/sec, ~7804.3 min remaining)
[17:56:07] Analyzed 2830/180579 patents (0.4/sec, ~7822.6 min remaining)
[17:56:33] Analyzed 2840/180579 patents (0.4/sec, ~7821.6 min remaining)
[17:56:55] Analyzed 2850/180579 patents (0.4/sec, ~7817.0 min remaining)
[17:57:03] Analyzed 2860/180579 patents (0.4/sec, ~7797.1 min remaining)
[17:57:14] Analyzed 2870/180579 patents (0.4/sec, ~7781.6 min remaining)
[17:57:18] Analyzed 2880/180579 patents (0.4/sec, ~7757.4 min remaining)
[17:57:21] Analyzed 2890/180579 patents (0.4/sec, ~7733.4 min remaining)
[17:57:30] Analyzed 2900/180579 patents (0.4/sec, ~7716.0 min remaining)
[17:57:56] Analyzed 2910/180579 patents (0.4/sec, ~7715.0 min remaining)
[17:58:15] Analyzed 2920/180579 patents (0.4/sec, ~7707.6 min remaining)
[17:58:39] Analyzed 2930/180579 patents (0.4/sec, ~7705.5 min remaining)
[17:58:57] Analyzed 2940/180579 patents (0.4/sec, ~7696.5 min remaining)
[17:59:00] Analyzed 2950/180579 patents (0.4/sec, ~7673.2 min remaining)
[17:59:29] Analyzed 2960/180579 patents (0.4/sec, ~7675.5 min remaining)
[17:59:32] Analyzed 2970/180579 patents (0.4/sec, ~7652.5 min remaining)
[17:59:57] Analyzed 2980/180579 patents (0.4/sec, ~7650.8 min remaining)
[18:00:16] Analyzed 2990/180579 patents (0.4/sec, ~7644.1 min remaining)
[18:00:49] Analyzed 3000/180579 patents (0.4/sec, ~7650.6 min remaining)
[18:00:58] Analyzed 3010/180579 patents (0.4/sec, ~7633.2 min remaining)
[18:01:21] Analyzed 3020/180579 patents (0.4/sec, ~7630.4 min remaining)
[18:01:33] Analyzed 3030/180579 patents (0.4/sec, ~7616.3 min remaining)
[18:01:51] Analyzed 3040/180579 patents (0.4/sec, ~7609.0 min remaining)
[18:02:07] Analyzed 3050/180579 patents (0.4/sec, ~7599.1 min remaining)
[18:02:36] Analyzed 3060/180579 patents (0.4/sec, ~7601.9 min remaining)
[18:02:46] Analyzed 3070/180579 patents (0.4/sec, ~7585.6 min remaining)
[18:02:56] Analyzed 3080/180579 patents (0.4/sec, ~7570.2 min remaining)
[18:03:03] Analyzed 3090/180579 patents (0.4/sec, ~7552.8 min remaining)
[18:03:12] Analyzed 3100/180579 patents (0.4/sec, ~7536.5 min remaining)
[18:04:06] Analyzed 3110/180579 patents (0.4/sec, ~7562.8 min remaining)
[18:04:56] Analyzed 3120/180579 patents (0.4/sec, ~7585.3 min remaining)
[18:06:12] Analyzed 3130/180579 patents (0.4/sec, ~7632.4 min remaining)
[18:06:38] Analyzed 3140/180579 patents (0.4/sec, ~7632.1 min remaining)
[18:06:48] Analyzed 3150/180579 patents (0.4/sec, ~7617.4 min remaining)
[18:07:16] Analyzed 3160/180579 patents (0.4/sec, ~7619.3 min remaining)
[18:07:46] Analyzed 3170/180579 patents (0.4/sec, ~7622.3 min remaining)
[18:09:08] Analyzed 3180/180579 patents (0.4/sec, ~7674.2 min remaining)
[18:10:23] Analyzed 3190/180579 patents (0.4/sec, ~7719.7 min remaining)
[18:10:36] Analyzed 3200/180579 patents (0.4/sec, ~7706.3 min remaining)
[18:10:46] Analyzed 3210/180579 patents (0.4/sec, ~7691.4 min remaining)
[18:11:10] Analyzed 3220/180579 patents (0.4/sec, ~7689.0 min remaining)
[18:11:51] Analyzed 3230/180579 patents (0.4/sec, ~7702.7 min remaining)
[18:12:02] Analyzed 3240/180579 patents (0.4/sec, ~7688.2 min remaining)
[18:12:21] Analyzed 3250/180579 patents (0.4/sec, ~7681.4 min remaining)
[18:12:36] Analyzed 3260/180579 patents (0.4/sec, ~7671.3 min remaining)
[18:12:48] Analyzed 3270/180579 patents (0.4/sec, ~7658.1 min remaining)
[18:13:15] Analyzed 3280/180579 patents (0.4/sec, ~7658.6 min remaining)
[18:13:33] Analyzed 3290/180579 patents (0.4/sec, ~7650.6 min remaining)
[18:13:43] Analyzed 3300/180579 patents (0.4/sec, ~7636.3 min remaining)
[18:15:09] Analyzed 3310/180579 patents (0.4/sec, ~7689.4 min remaining)
[18:16:04] Analyzed 3320/180579 patents (0.4/sec, ~7715.1 min remaining)
[18:16:23] Analyzed 3330/180579 patents (0.4/sec, ~7708.7 min remaining)
[18:16:32] Analyzed 3340/180579 patents (0.4/sec, ~7692.3 min remaining)
[18:17:26] Analyzed 3350/180579 patents (0.4/sec, ~7717.1 min remaining)
[18:18:04] Analyzed 3360/180579 patents (0.4/sec, ~7726.7 min remaining)
[18:19:11] Analyzed 3370/180579 patents (0.4/sec, ~7762.6 min remaining)
[18:19:58] Analyzed 3380/180579 patents (0.4/sec, ~7779.6 min remaining)
[18:20:22] Analyzed 3390/180579 patents (0.4/sec, ~7777.4 min remaining)
[18:20:50] Analyzed 3400/180579 patents (0.4/sec, ~7778.1 min remaining)
[18:21:05] Analyzed 3410/180579 patents (0.4/sec, ~7767.9 min remaining)
[18:21:16] Analyzed 3420/180579 patents (0.4/sec, ~7754.9 min remaining)
[18:21:35] Analyzed 3430/180579 patents (0.4/sec, ~7747.6 min remaining)
[18:22:00] Analyzed 3440/180579 patents (0.4/sec, ~7746.0 min remaining)
[18:22:59] Analyzed 3450/180579 patents (0.4/sec, ~7774.0 min remaining)
[18:23:13] Analyzed 3460/180579 patents (0.4/sec, ~7762.8 min remaining)
[18:23:57] Analyzed 3470/180579 patents (0.4/sec, ~7777.9 min remaining)
[18:24:11] Analyzed 3480/180579 patents (0.4/sec, ~7766.8 min remaining)
[18:25:08] Analyzed 3490/180579 patents (0.4/sec, ~7791.9 min remaining)
[18:25:36] Analyzed 3500/180579 patents (0.4/sec, ~7792.9 min remaining)
[18:25:52] Analyzed 3510/180579 patents (0.4/sec, ~7784.1 min remaining)
[18:26:30] Analyzed 3520/180579 patents (0.4/sec, ~7793.5 min remaining)
[18:26:41] Analyzed 3530/180579 patents (0.4/sec, ~7780.1 min remaining)
[18:26:44] Analyzed 3540/180579 patents (0.4/sec, ~7760.2 min remaining)
[18:26:53] Analyzed 3550/180579 patents (0.4/sec, ~7745.4 min remaining)
[18:27:12] Analyzed 3560/180579 patents (0.4/sec, ~7738.6 min remaining)
[18:27:22] Analyzed 3570/180579 patents (0.4/sec, ~7724.7 min remaining)
[18:27:44] Analyzed 3580/180579 patents (0.4/sec, ~7721.3 min remaining)
[18:28:08] Analyzed 3590/180579 patents (0.4/sec, ~7719.1 min remaining)
[18:28:54] Analyzed 3600/180579 patents (0.4/sec, ~7734.5 min remaining)
[18:29:27] Analyzed 3610/180579 patents (0.4/sec, ~7740.0 min remaining)
[18:29:39] Analyzed 3620/180579 patents (0.4/sec, ~7727.5 min remaining)
[18:30:04] Analyzed 3630/180579 patents (0.4/sec, ~7726.1 min remaining)
[18:30:07] Analyzed 3640/180579 patents (0.4/sec, ~7707.0 min remaining)
[18:30:10] Analyzed 3650/180579 patents (0.4/sec, ~7688.0 min remaining)
[18:30:23] Analyzed 3660/180579 patents (0.4/sec, ~7677.1 min remaining)
[18:31:22] Analyzed 3670/180579 patents (0.4/sec, ~7702.9 min remaining)
[18:32:00] Analyzed 3680/180579 patents (0.4/sec, ~7712.2 min remaining)
[18:32:03] Analyzed 3690/180579 patents (0.4/sec, ~7693.4 min remaining)
[18:32:34] Analyzed 3700/180579 patents (0.4/sec, ~7696.7 min remaining)
[18:32:37] Analyzed 3710/180579 patents (0.4/sec, ~7678.1 min remaining)
[18:32:44] Analyzed 3720/180579 patents (0.4/sec, ~7662.4 min remaining)
[18:33:13] Analyzed 3730/180579 patents (0.4/sec, ~7664.1 min remaining)
[18:33:28] Analyzed 3740/180579 patents (0.4/sec, ~7655.0 min remaining)
[18:33:36] Analyzed 3750/180579 patents (0.4/sec, ~7640.9 min remaining)
[18:33:45] Analyzed 3760/180579 patents (0.4/sec, ~7626.8 min remaining)
[18:34:22] Analyzed 3770/180579 patents (0.4/sec, ~7635.2 min remaining)
[18:35:24] Analyzed 3780/180579 patents (0.4/sec, ~7662.9 min remaining)
[18:35:56] Analyzed 3790/180579 patents (0.4/sec, ~7667.4 min remaining)
[18:36:00] Analyzed 3800/180579 patents (0.4/sec, ~7649.3 min remaining)
[18:37:24] Analyzed 3810/180579 patents (0.4/sec, ~7694.3 min remaining)
[18:38:02] Analyzed 3820/180579 patents (0.4/sec, ~7702.4 min remaining)
[18:39:10] Analyzed 3830/180579 patents (0.4/sec, ~7734.5 min remaining)
[18:40:29] Analyzed 3840/180579 patents (0.4/sec, ~7774.2 min remaining)
[18:41:30] Analyzed 3850/180579 patents (0.4/sec, ~7800.6 min remaining)
[18:41:33] Analyzed 3860/180579 patents (0.4/sec, ~7782.4 min remaining)
[18:41:46] Analyzed 3870/180579 patents (0.4/sec, ~7771.3 min remaining)
[18:42:10] Analyzed 3880/180579 patents (0.4/sec, ~7769.5 min remaining)
[18:42:36] Analyzed 3890/180579 patents (0.4/sec, ~7768.9 min remaining)
[18:42:45] Analyzed 3900/180579 patents (0.4/sec, ~7755.0 min remaining)
[18:43:13] Analyzed 3910/180579 patents (0.4/sec, ~7755.9 min remaining)
[18:43:41] Analyzed 3920/180579 patents (0.4/sec, ~7756.7 min remaining)
[18:44:01] Analyzed 3930/180579 patents (0.4/sec, ~7751.0 min remaining)
[18:44:29] Analyzed 3940/180579 patents (0.4/sec, ~7752.2 min remaining)
[18:45:05] Analyzed 3950/180579 patents (0.4/sec, ~7759.3 min remaining)
[18:45:09] Analyzed 3960/180579 patents (0.4/sec, ~7741.7 min remaining)
[18:45:52] Analyzed 3970/180579 patents (0.4/sec, ~7753.7 min remaining)
[18:46:23] Analyzed 3980/180579 patents (0.4/sec, ~7756.8 min remaining)
[18:46:52] Analyzed 3990/180579 patents (0.4/sec, ~7758.0 min remaining)
[18:47:28] Analyzed 4000/180579 patents (0.4/sec, ~7765.2 min remaining)
[18:48:05] Analyzed 4010/180579 patents (0.4/sec, ~7772.2 min remaining)
[18:49:17] Analyzed 4020/180579 patents (0.4/sec, ~7805.5 min remaining)
[18:49:54] Analyzed 4030/180579 patents (0.4/sec, ~7812.6 min remaining)
[18:50:27] Analyzed 4040/180579 patents (0.4/sec, ~7816.7 min remaining)
[18:50:45] Analyzed 4050/180579 patents (0.4/sec, ~7810.0 min remaining)
[18:51:03] Analyzed 4060/180579 patents (0.4/sec, ~7803.1 min remaining)
[18:51:36] Analyzed 4070/180579 patents (0.4/sec, ~7807.5 min remaining)
[18:52:13] Analyzed 4080/180579 patents (0.4/sec, ~7814.6 min remaining)
[18:52:35] Analyzed 4090/180579 patents (0.4/sec, ~7811.2 min remaining)
[18:52:48] Analyzed 4100/180579 patents (0.4/sec, ~7801.0 min remaining)
[18:53:23] Analyzed 4110/180579 patents (0.4/sec, ~7806.9 min remaining)
[18:53:43] Analyzed 4120/180579 patents (0.4/sec, ~7801.7 min remaining)
[18:54:28] Analyzed 4130/180579 patents (0.4/sec, ~7814.4 min remaining)
[18:54:38] Analyzed 4140/180579 patents (0.4/sec, ~7801.8 min remaining)
[18:54:41] Analyzed 4150/180579 patents (0.4/sec, ~7784.7 min remaining)
[18:54:44] Analyzed 4160/180579 patents (0.4/sec, ~7767.8 min remaining)
[18:54:47] Analyzed 4170/180579 patents (0.4/sec, ~7751.0 min remaining)
[18:54:53] Analyzed 4180/180579 patents (0.4/sec, ~7736.0 min remaining)
[18:55:23] Analyzed 4190/180579 patents (0.4/sec, ~7738.1 min remaining)
[18:55:41] Analyzed 4200/180579 patents (0.4/sec, ~7731.8 min remaining)
[18:56:27] Analyzed 4210/180579 patents (0.4/sec, ~7745.2 min remaining)
[18:56:41] Analyzed 4220/180579 patents (0.4/sec, ~7736.2 min remaining)
[18:56:44] Analyzed 4230/180579 patents (0.4/sec, ~7719.7 min remaining)
[18:56:47] Analyzed 4240/180579 patents (0.4/sec, ~7703.3 min remaining)
[18:57:02] Analyzed 4250/180579 patents (0.4/sec, ~7694.5 min remaining)
[18:57:09] Analyzed 4260/180579 patents (0.4/sec, ~7681.5 min remaining)
[18:57:25] Analyzed 4270/180579 patents (0.4/sec, ~7673.9 min remaining)
[18:57:42] Analyzed 4280/180579 patents (0.4/sec, ~7667.4 min remaining)
[18:58:09] Analyzed 4290/180579 patents (0.4/sec, ~7667.2 min remaining)
[18:58:26] Analyzed 4300/180579 patents (0.4/sec, ~7660.4 min remaining)
[18:58:43] Analyzed 4310/180579 patents (0.4/sec, ~7654.2 min remaining)
[18:59:02] Analyzed 4320/180579 patents (0.4/sec, ~7648.9 min remaining)
[18:59:11] Analyzed 4330/180579 patents (0.4/sec, ~7636.8 min remaining)
[18:59:14] Analyzed 4340/180579 patents (0.4/sec, ~7620.9 min remaining)
[18:59:21] Analyzed 4350/180579 patents (0.4/sec, ~7607.6 min remaining)
[18:59:34] Analyzed 4360/180579 patents (0.4/sec, ~7598.2 min remaining)
[18:59:44] Analyzed 4370/180579 patents (0.4/sec, ~7587.2 min remaining)
[19:00:11] Analyzed 4380/180579 patents (0.4/sec, ~7587.5 min remaining)
[19:00:46] Analyzed 4390/180579 patents (0.4/sec, ~7593.5 min remaining)
[19:01:42] Analyzed 4400/180579 patents (0.4/sec, ~7612.9 min remaining)
[19:02:30] Analyzed 4410/180579 patents (0.4/sec, ~7627.4 min remaining)
[19:02:46] Analyzed 4420/180579 patents (0.4/sec, ~7620.4 min remaining)
[19:03:03] Analyzed 4430/180579 patents (0.4/sec, ~7613.9 min remaining)
[19:03:28] Analyzed 4440/180579 patents (0.4/sec, ~7613.1 min remaining)
[19:04:41] Analyzed 4450/180579 patents (0.4/sec, ~7643.5 min remaining)
[19:06:05] Analyzed 4460/180579 patents (0.4/sec, ~7681.0 min remaining)
[19:06:47] Analyzed 4470/180579 patents (0.4/sec, ~7691.0 min remaining)
[19:06:50] Analyzed 4480/180579 patents (0.4/sec, ~7675.5 min remaining)
[19:07:55] Analyzed 4490/180579 patents (0.4/sec, ~7700.7 min remaining)
[19:08:29] Analyzed 4500/180579 patents (0.4/sec, ~7705.3 min remaining)
[19:08:58] Analyzed 4510/180579 patents (0.4/sec, ~7706.6 min remaining)
[19:09:19] Analyzed 4520/180579 patents (0.4/sec, ~7702.7 min remaining)
[19:09:34] Analyzed 4530/180579 patents (0.4/sec, ~7694.5 min remaining)
[19:09:58] Analyzed 4540/180579 patents (0.4/sec, ~7692.7 min remaining)
[19:10:22] Analyzed 4550/180579 patents (0.4/sec, ~7691.3 min remaining)
[19:10:51] Analyzed 4560/180579 patents (0.4/sec, ~7692.3 min remaining)
[19:11:01] Analyzed 4570/180579 patents (0.4/sec, ~7681.6 min remaining)
[19:11:35] Analyzed 4580/180579 patents (0.4/sec, ~7686.4 min remaining)
[19:11:50] Analyzed 4590/180579 patents (0.4/sec, ~7678.3 min remaining)
[19:12:11] Analyzed 4600/180579 patents (0.4/sec, ~7675.1 min remaining)
[19:12:36] Analyzed 4610/180579 patents (0.4/sec, ~7673.5 min remaining)
[19:13:23] Analyzed 4620/180579 patents (0.4/sec, ~7686.2 min remaining)
[19:14:36] Analyzed 4630/180579 patents (0.4/sec, ~7715.8 min remaining)
[19:14:50] Analyzed 4640/180579 patents (0.4/sec, ~7707.7 min remaining)
[19:15:01] Analyzed 4650/180579 patents (0.4/sec, ~7697.6 min remaining)
[19:15:05] Analyzed 4660/180579 patents (0.4/sec, ~7682.6 min remaining)
[19:15:21] Analyzed 4670/180579 patents (0.4/sec, ~7676.0 min remaining)
[19:15:40] Analyzed 4680/180579 patents (0.4/sec, ~7670.8 min remaining)
[19:15:58] Analyzed 4690/180579 patents (0.4/sec, ~7665.6 min remaining)
[19:16:46] Analyzed 4700/180579 patents (0.4/sec, ~7678.7 min remaining)
[19:17:05] Analyzed 4710/180579 patents (0.4/sec, ~7673.6 min remaining)
[19:17:53] Analyzed 4720/180579 patents (0.4/sec, ~7687.0 min remaining)
[19:18:35] Analyzed 4730/180579 patents (0.4/sec, ~7696.0 min remaining)
[19:18:54] Analyzed 4740/180579 patents (0.4/sec, ~7691.2 min remaining)
[19:19:31] Analyzed 4750/180579 patents (0.4/sec, ~7697.4 min remaining)
[19:20:02] Analyzed 4760/180579 patents (0.4/sec, ~7700.3 min remaining)
[19:20:22] Analyzed 4770/180579 patents (0.4/sec, ~7695.9 min remaining)
[19:21:10] Analyzed 4780/180579 patents (0.4/sec, ~7708.4 min remaining)
[19:21:34] Analyzed 4790/180579 patents (0.4/sec, ~7706.7 min remaining)
[19:21:37] Analyzed 4800/180579 patents (0.4/sec, ~7692.1 min remaining)
[19:22:38] Analyzed 4810/180579 patents (0.4/sec, ~7713.0 min remaining)
[19:23:38] Analyzed 4820/180579 patents (0.4/sec, ~7733.0 min remaining)
[19:23:57] Analyzed 4830/180579 patents (0.4/sec, ~7728.0 min remaining)
[19:24:11] Analyzed 4840/180579 patents (0.4/sec, ~7719.9 min remaining)
[19:24:14] Analyzed 4850/180579 patents (0.4/sec, ~7705.4 min remaining)
[19:24:26] Analyzed 4860/180579 patents (0.4/sec, ~7696.3 min remaining)
[19:25:17] Analyzed 4870/180579 patents (0.4/sec, ~7710.9 min remaining)
[19:26:17] Analyzed 4880/180579 patents (0.4/sec, ~7730.4 min remaining)
[19:26:34] Analyzed 4890/180579 patents (0.4/sec, ~7724.5 min remaining)
[19:26:51] Analyzed 4900/180579 patents (0.4/sec, ~7718.4 min remaining)
[19:26:57] Analyzed 4910/180579 patents (0.4/sec, ~7706.0 min remaining)
[19:27:15] Analyzed 4920/180579 patents (0.4/sec, ~7700.6 min remaining)
[19:27:50] Analyzed 4930/180579 patents (0.4/sec, ~7705.0 min remaining)
[19:28:05] Analyzed 4940/180579 patents (0.4/sec, ~7698.4 min remaining)
[19:28:24] Analyzed 4950/180579 patents (0.4/sec, ~7693.2 min remaining)
[19:28:49] Analyzed 4960/180579 patents (0.4/sec, ~7692.2 min remaining)
[19:28:52] Analyzed 4970/180579 patents (0.4/sec, ~7678.2 min remaining)
[19:29:46] Analyzed 4980/180579 patents (0.4/sec, ~7693.6 min remaining)
[19:30:28] Analyzed 4990/180579 patents (0.4/sec, ~7702.7 min remaining)
[19:30:44] Analyzed 5000/180579 patents (0.4/sec, ~7696.2 min remaining)
[19:31:44] Analyzed 5010/180579 patents (0.4/sec, ~7715.6 min remaining)
[19:33:11] Analyzed 5020/180579 patents (0.4/sec, ~7750.3 min remaining)
[19:33:54] Analyzed 5030/180579 patents (0.4/sec, ~7759.6 min remaining)
[19:34:14] Analyzed 5040/180579 patents (0.4/sec, ~7755.3 min remaining)
[19:34:28] Analyzed 5050/180579 patents (0.4/sec, ~7747.6 min remaining)
[19:34:31] Analyzed 5060/180579 patents (0.4/sec, ~7733.5 min remaining)
[19:34:34] Analyzed 5070/180579 patents (0.4/sec, ~7719.6 min remaining)
[19:34:49] Analyzed 5080/180579 patents (0.4/sec, ~7712.5 min remaining)
[19:35:22] Analyzed 5090/180579 patents (0.4/sec, ~7715.8 min remaining)
[19:35:48] Analyzed 5100/180579 patents (0.4/sec, ~7715.4 min remaining)
[19:36:12] Analyzed 5110/180579 patents (0.4/sec, ~7713.7 min remaining)
[19:36:20] Analyzed 5120/180579 patents (0.4/sec, ~7702.4 min remaining)
[19:36:26] Analyzed 5130/180579 patents (0.4/sec, ~7690.7 min remaining)
[19:37:17] Analyzed 5140/180579 patents (0.4/sec, ~7704.0 min remaining)
[19:37:57] Analyzed 5150/180579 patents (0.4/sec, ~7711.5 min remaining)
[19:38:27] Analyzed 5160/180579 patents (0.4/sec, ~7712.8 min remaining)
[19:38:50] Analyzed 5170/180579 patents (0.4/sec, ~7710.8 min remaining)
[19:39:34] Analyzed 5180/180579 patents (0.4/sec, ~7720.1 min remaining)
[19:40:02] Analyzed 5190/180579 patents (0.4/sec, ~7720.8 min remaining)
[19:40:37] Analyzed 5200/180579 patents (0.4/sec, ~7724.9 min remaining)
[19:40:40] Analyzed 5210/180579 patents (0.4/sec, ~7711.4 min remaining)
[19:41:05] Analyzed 5220/180579 patents (0.4/sec, ~7710.5 min remaining)
[19:41:22] Analyzed 5230/180579 patents (0.4/sec, ~7704.4 min remaining)
[19:41:48] Analyzed 5240/180579 patents (0.4/sec, ~7704.2 min remaining)
[19:42:38] Analyzed 5250/180579 patents (0.4/sec, ~7716.9 min remaining)
[19:43:10] Analyzed 5260/180579 patents (0.4/sec, ~7719.1 min remaining)
[19:43:33] Analyzed 5270/180579 patents (0.4/sec, ~7716.8 min remaining)
[19:44:25] Analyzed 5280/180579 patents (0.4/sec, ~7730.6 min remaining)
[19:45:06] Analyzed 5290/180579 patents (0.4/sec, ~7738.2 min remaining)
[19:45:59] Analyzed 5300/180579 patents (0.4/sec, ~7752.7 min remaining)
[19:46:19] Analyzed 5310/180579 patents (0.4/sec, ~7748.2 min remaining)
[19:46:25] Analyzed 5320/180579 patents (0.4/sec, ~7736.5 min remaining)
[19:46:28] Analyzed 5330/180579 patents (0.4/sec, ~7723.2 min remaining)
[19:46:49] Analyzed 5340/180579 patents (0.4/sec, ~7720.1 min remaining)
[19:47:03] Analyzed 5350/180579 patents (0.4/sec, ~7712.8 min remaining)
[19:47:21] Analyzed 5360/180579 patents (0.4/sec, ~7707.7 min remaining)
[19:47:40] Analyzed 5370/180579 patents (0.4/sec, ~7703.2 min remaining)
[19:47:55] Analyzed 5380/180579 patents (0.4/sec, ~7696.7 min remaining)
[19:48:55] Analyzed 5390/180579 patents (0.4/sec, ~7714.4 min remaining)
[19:49:13] Analyzed 5400/180579 patents (0.4/sec, ~7709.5 min remaining)
[19:49:16] Analyzed 5410/180579 patents (0.4/sec, ~7696.5 min remaining)
[19:49:33] Analyzed 5420/180579 patents (0.4/sec, ~7691.0 min remaining)
[19:49:36] Analyzed 5430/180579 patents (0.4/sec, ~7678.1 min remaining)
[19:49:39] Analyzed 5440/180579 patents (0.4/sec, ~7665.2 min remaining)
[19:50:01] Analyzed 5450/180579 patents (0.4/sec, ~7662.3 min remaining)
[19:50:45] Analyzed 5460/180579 patents (0.4/sec, ~7671.2 min remaining)
[19:51:07] Analyzed 5470/180579 patents (0.4/sec, ~7668.4 min remaining)
[19:51:10] Analyzed 5480/180579 patents (0.4/sec, ~7655.7 min remaining)
[19:51:17] Analyzed 5490/180579 patents (0.4/sec, ~7645.1 min remaining)
[19:51:28] Analyzed 5500/180579 patents (0.4/sec, ~7636.6 min remaining)
[19:51:46] Analyzed 5510/180579 patents (0.4/sec, ~7632.1 min remaining)
[19:52:06] Analyzed 5520/180579 patents (0.4/sec, ~7628.4 min remaining)
[19:52:10] Analyzed 5530/180579 patents (0.4/sec, ~7615.8 min remaining)
[19:52:13] Analyzed 5540/180579 patents (0.4/sec, ~7603.2 min remaining)
[19:52:31] Analyzed 5550/180579 patents (0.4/sec, ~7598.9 min remaining)
[19:53:20] Analyzed 5560/180579 patents (0.4/sec, ~7610.5 min remaining)
[19:53:48] Analyzed 5570/180579 patents (0.4/sec, ~7611.0 min remaining)
[19:53:51] Analyzed 5580/180579 patents (0.4/sec, ~7598.6 min remaining)
[19:54:21] Analyzed 5590/180579 patents (0.4/sec, ~7600.0 min remaining)
[19:54:37] Analyzed 5600/180579 patents (0.4/sec, ~7594.6 min remaining)
[19:55:46] Analyzed 5610/180579 patents (0.4/sec, ~7616.1 min remaining)
[19:56:45] Analyzed 5620/180579 patents (0.4/sec, ~7633.0 min remaining)
[19:57:32] Analyzed 5630/180579 patents (0.4/sec, ~7643.5 min remaining)
[19:57:35] Analyzed 5640/180579 patents (0.4/sec, ~7631.0 min remaining)
[19:57:48] Analyzed 5650/180579 patents (0.4/sec, ~7623.7 min remaining)
[19:58:08] Analyzed 5660/180579 patents (0.4/sec, ~7620.0 min remaining)
[19:58:43] Analyzed 5670/180579 patents (0.4/sec, ~7623.9 min remaining)
[19:59:06] Analyzed 5680/180579 patents (0.4/sec, ~7622.0 min remaining)
[19:59:15] Analyzed 5690/180579 patents (0.4/sec, ~7612.9 min remaining)
[19:59:23] Analyzed 5700/180579 patents (0.4/sec, ~7603.1 min remaining)
[19:59:46] Analyzed 5710/180579 patents (0.4/sec, ~7601.2 min remaining)
[19:59:56] Analyzed 5720/180579 patents (0.4/sec, ~7592.4 min remaining)
[20:00:40] Analyzed 5730/180579 patents (0.4/sec, ~7601.2 min remaining)
[20:01:19] Analyzed 5740/180579 patents (0.4/sec, ~7607.3 min remaining)
[20:02:09] Analyzed 5750/180579 patents (0.4/sec, ~7618.8 min remaining)
[20:03:13] Analyzed 5760/180579 patents (0.4/sec, ~7637.6 min remaining)
[20:03:56] Analyzed 5770/180579 patents (0.4/sec, ~7645.9 min remaining)
[20:04:07] Analyzed 5780/180579 patents (0.4/sec, ~7637.5 min remaining)
[20:04:47] Analyzed 5790/180579 patents (0.4/sec, ~7644.1 min remaining)
[20:04:57] Analyzed 5800/180579 patents (0.4/sec, ~7635.3 min remaining)
[20:05:31] Analyzed 5810/180579 patents (0.4/sec, ~7639.2 min remaining)
[20:06:05] Analyzed 5820/180579 patents (0.4/sec, ~7642.6 min remaining)
[20:07:05] Analyzed 5830/180579 patents (0.4/sec, ~7658.6 min remaining)
[20:07:35] Analyzed 5840/180579 patents (0.4/sec, ~7660.3 min remaining)
[20:07:49] Analyzed 5850/180579 patents (0.4/sec, ~7653.5 min remaining)
[20:07:52] Analyzed 5860/180579 patents (0.4/sec, ~7641.6 min remaining)
[20:08:05] Analyzed 5870/180579 patents (0.4/sec, ~7634.8 min remaining)
[20:08:08] Analyzed 5880/180579 patents (0.4/sec, ~7622.9 min remaining)
[20:08:11] Analyzed 5890/180579 patents (0.4/sec, ~7611.1 min remaining)
[20:08:25] Analyzed 5900/180579 patents (0.4/sec, ~7604.4 min remaining)
[20:09:03] Analyzed 5910/180579 patents (0.4/sec, ~7609.7 min remaining)
[20:09:36] Analyzed 5920/180579 patents (0.4/sec, ~7612.8 min remaining)
[20:10:08] Analyzed 5930/180579 patents (0.4/sec, ~7615.1 min remaining)
[20:10:11] Analyzed 5940/180579 patents (0.4/sec, ~7603.4 min remaining)
[20:10:20] Analyzed 5950/180579 patents (0.4/sec, ~7594.4 min remaining)
[20:10:51] Analyzed 5960/180579 patents (0.4/sec, ~7596.5 min remaining)
[20:10:58] Analyzed 5970/180579 patents (0.4/sec, ~7586.9 min remaining)
[20:11:34] Analyzed 5980/180579 patents (0.4/sec, ~7591.3 min remaining)
[20:11:43] Analyzed 5990/180579 patents (0.4/sec, ~7582.6 min remaining)
[20:11:57] Analyzed 6000/180579 patents (0.4/sec, ~7576.0 min remaining)
[20:12:00] Analyzed 6010/180579 patents (0.4/sec, ~7564.5 min remaining)
[20:12:03] Analyzed 6020/180579 patents (0.4/sec, ~7553.0 min remaining)
[20:12:37] Analyzed 6030/180579 patents (0.4/sec, ~7556.7 min remaining)
[20:13:40] Analyzed 6040/180579 patents (0.4/sec, ~7573.7 min remaining)
[20:14:38] Analyzed 6050/180579 patents (0.4/sec, ~7588.7 min remaining)
[20:15:05] Analyzed 6060/180579 patents (0.4/sec, ~7589.0 min remaining)
[20:15:23] Analyzed 6070/180579 patents (0.4/sec, ~7584.6 min remaining)
[20:15:38] Analyzed 6080/180579 patents (0.4/sec, ~7578.7 min remaining)
[20:16:34] Analyzed 6090/180579 patents (0.4/sec, ~7592.6 min remaining)
[20:16:42] Analyzed 6100/180579 patents (0.4/sec, ~7583.6 min remaining)
[20:16:45] Analyzed 6110/180579 patents (0.4/sec, ~7572.2 min remaining)
[20:16:55] Analyzed 6120/180579 patents (0.4/sec, ~7563.9 min remaining)
[20:17:38] Analyzed 6130/180579 patents (0.4/sec, ~7571.6 min remaining)
[20:17:55] Analyzed 6140/180579 patents (0.4/sec, ~7567.3 min remaining)
[20:18:16] Analyzed 6150/180579 patents (0.4/sec, ~7564.3 min remaining)
[20:18:51] Analyzed 6160/180579 patents (0.4/sec, ~7568.1 min remaining)
[20:19:31] Analyzed 6170/180579 patents (0.4/sec, ~7574.2 min remaining)
[20:20:08] Analyzed 6180/180579 patents (0.4/sec, ~7578.7 min remaining)
[20:20:32] Analyzed 6190/180579 patents (0.4/sec, ~7577.4 min remaining)
[20:20:41] Analyzed 6200/180579 patents (0.4/sec, ~7569.1 min remaining)
[20:21:36] Analyzed 6210/180579 patents (0.4/sec, ~7582.2 min remaining)
[20:22:42] Analyzed 6220/180579 patents (0.4/sec, ~7600.3 min remaining)
[20:23:17] Analyzed 6230/180579 patents (0.4/sec, ~7604.1 min remaining)
[20:23:41] Analyzed 6240/180579 patents (0.4/sec, ~7602.5 min remaining)
[20:24:14] Analyzed 6250/180579 patents (0.4/sec, ~7605.2 min remaining)
[20:25:17] Analyzed 6260/180579 patents (0.4/sec, ~7622.0 min remaining)
[20:26:00] Analyzed 6270/180579 patents (0.4/sec, ~7629.2 min remaining)
[20:26:07] Analyzed 6280/180579 patents (0.4/sec, ~7620.0 min remaining)
[20:26:29] Analyzed 6290/180579 patents (0.4/sec, ~7617.5 min remaining)
[20:26:41] Analyzed 6300/180579 patents (0.4/sec, ~7610.6 min remaining)
[20:27:14] Analyzed 6310/180579 patents (0.4/sec, ~7613.3 min remaining)
[20:27:49] Analyzed 6320/180579 patents (0.4/sec, ~7617.0 min remaining)
[20:28:24] Analyzed 6330/180579 patents (0.4/sec, ~7620.7 min remaining)
[20:28:33] Analyzed 6340/180579 patents (0.4/sec, ~7612.2 min remaining)
[20:29:14] Analyzed 6350/180579 patents (0.4/sec, ~7618.5 min remaining)
[20:29:44] Analyzed 6360/180579 patents (0.4/sec, ~7619.6 min remaining)
[20:30:11] Analyzed 6370/180579 patents (0.4/sec, ~7619.7 min remaining)
[20:30:47] Analyzed 6380/180579 patents (0.4/sec, ~7623.5 min remaining)
[20:30:50] Analyzed 6390/180579 patents (0.4/sec, ~7612.5 min remaining)
[20:31:09] Analyzed 6400/180579 patents (0.4/sec, ~7609.1 min remaining)
[20:31:28] Analyzed 6410/180579 patents (0.4/sec, ~7605.3 min remaining)
[20:31:47] Analyzed 6420/180579 patents (0.4/sec, ~7601.7 min remaining)
[20:32:00] Analyzed 6430/180579 patents (0.4/sec, ~7595.2 min remaining)
[20:32:03] Analyzed 6440/180579 patents (0.4/sec, ~7584.4 min remaining)
[20:32:16] Analyzed 6450/180579 patents (0.4/sec, ~7578.1 min remaining)
[20:32:45] Analyzed 6460/180579 patents (0.4/sec, ~7578.9 min remaining)
[20:33:46] Analyzed 6470/180579 patents (0.4/sec, ~7593.9 min remaining)
[20:33:59] Analyzed 6480/180579 patents (0.4/sec, ~7587.9 min remaining)
[20:34:02] Analyzed 6490/180579 patents (0.4/sec, ~7577.1 min remaining)
[20:34:19] Analyzed 6500/180579 patents (0.4/sec, ~7572.3 min remaining)
[20:34:22] Analyzed 6510/180579 patents (0.4/sec, ~7561.6 min remaining)
[20:34:25] Analyzed 6520/180579 patents (0.4/sec, ~7551.0 min remaining)
[20:34:51] Analyzed 6530/180579 patents (0.4/sec, ~7550.5 min remaining)
[20:35:18] Analyzed 6540/180579 patents (0.4/sec, ~7550.7 min remaining)
[20:35:46] Analyzed 6550/180579 patents (0.4/sec, ~7550.8 min remaining)
[20:35:49] Analyzed 6560/180579 patents (0.4/sec, ~7540.2 min remaining)
[20:36:27] Analyzed 6570/180579 patents (0.4/sec, ~7545.1 min remaining)
[20:36:35] Analyzed 6580/180579 patents (0.4/sec, ~7536.7 min remaining)
[20:36:50] Analyzed 6590/180579 patents (0.4/sec, ~7531.5 min remaining)
[20:37:08] Analyzed 6600/180579 patents (0.4/sec, ~7527.5 min remaining)
[20:37:17] Analyzed 6610/180579 patents (0.4/sec, ~7519.9 min remaining)
[20:37:27] Analyzed 6620/180579 patents (0.4/sec, ~7512.3 min remaining)
[20:37:30] Analyzed 6630/180579 patents (0.4/sec, ~7501.9 min remaining)
[20:38:20] Analyzed 6640/180579 patents (0.4/sec, ~7511.9 min remaining)
[20:39:34] Analyzed 6650/180579 patents (0.4/sec, ~7532.3 min remaining)
[20:40:11] Analyzed 6660/180579 patents (0.4/sec, ~7536.8 min remaining)
[20:40:27] Analyzed 6670/180579 patents (0.4/sec, ~7532.1 min remaining)
[20:40:58] Analyzed 6680/180579 patents (0.4/sec, ~7534.0 min remaining)
[20:41:33] Analyzed 6690/180579 patents (0.4/sec, ~7537.3 min remaining)
[20:43:08] Analyzed 6700/180579 patents (0.4/sec, ~7566.9 min remaining)
[20:43:16] Analyzed 6710/180579 patents (0.4/sec, ~7558.4 min remaining)
[20:43:19] Analyzed 6720/180579 patents (0.4/sec, ~7547.9 min remaining)
[20:43:26] Analyzed 6730/180579 patents (0.4/sec, ~7539.5 min remaining)
[20:43:31] Analyzed 6740/180579 patents (0.4/sec, ~7530.1 min remaining)
[20:43:51] Analyzed 6750/180579 patents (0.4/sec, ~7527.2 min remaining)
[20:44:01] Analyzed 6760/180579 patents (0.4/sec, ~7519.8 min remaining)
[20:44:25] Analyzed 6770/180579 patents (0.4/sec, ~7518.4 min remaining)
[20:44:37] Analyzed 6780/180579 patents (0.4/sec, ~7512.2 min remaining)
[20:45:15] Analyzed 6790/180579 patents (0.4/sec, ~7516.6 min remaining)
[20:45:25] Analyzed 6800/180579 patents (0.4/sec, ~7509.4 min remaining)
[20:45:33] Analyzed 6810/180579 patents (0.4/sec, ~7501.6 min remaining)
[20:46:59] Analyzed 6820/180579 patents (0.4/sec, ~7526.7 min remaining)
[20:47:28] Analyzed 6830/180579 patents (0.4/sec, ~7527.5 min remaining)
[20:47:47] Analyzed 6840/180579 patents (0.4/sec, ~7523.9 min remaining)
[20:48:56] Analyzed 6850/180579 patents (0.4/sec, ~7541.6 min remaining)
[20:49:35] Analyzed 6860/180579 patents (0.4/sec, ~7547.0 min remaining)
[20:50:23] Analyzed 6870/180579 patents (0.4/sec, ~7555.7 min remaining)
[20:51:11] Analyzed 6880/180579 patents (0.4/sec, ~7564.4 min remaining)
[20:51:40] Analyzed 6890/180579 patents (0.4/sec, ~7565.2 min remaining)
[20:52:09] Analyzed 6900/180579 patents (0.4/sec, ~7566.0 min remaining)
[20:52:19] Analyzed 6910/180579 patents (0.4/sec, ~7558.7 min remaining)
[20:52:29] Analyzed 6920/180579 patents (0.4/sec, ~7551.5 min remaining)
[20:52:45] Analyzed 6930/180579 patents (0.4/sec, ~7547.0 min remaining)
[20:53:14] Analyzed 6940/180579 patents (0.4/sec, ~7547.5 min remaining)
[20:53:59] Analyzed 6950/180579 patents (0.4/sec, ~7555.1 min remaining)
[20:54:34] Analyzed 6960/180579 patents (0.4/sec, ~7558.2 min remaining)
[20:54:58] Analyzed 6970/180579 patents (0.4/sec, ~7556.9 min remaining)
[20:55:29] Analyzed 6980/180579 patents (0.4/sec, ~7558.9 min remaining)
[20:55:51] Analyzed 6990/180579 patents (0.4/sec, ~7556.7 min remaining)
[20:56:11] Analyzed 7000/180579 patents (0.4/sec, ~7553.4 min remaining)
[20:56:50] Analyzed 7010/180579 patents (0.4/sec, ~7558.4 min remaining)
[20:57:01] Analyzed 7020/180579 patents (0.4/sec, ~7551.9 min remaining)
[20:57:04] Analyzed 7030/180579 patents (0.4/sec, ~7542.0 min remaining)
[20:57:15] Analyzed 7040/180579 patents (0.4/sec, ~7535.3 min remaining)
[20:57:18] Analyzed 7050/180579 patents (0.4/sec, ~7525.5 min remaining)
[20:57:27] Analyzed 7060/180579 patents (0.4/sec, ~7517.8 min remaining)
[20:57:30] Analyzed 7070/180579 patents (0.4/sec, ~7508.0 min remaining)
[20:58:21] Analyzed 7080/180579 patents (0.4/sec, ~7517.9 min remaining)
[20:58:51] Analyzed 7090/180579 patents (0.4/sec, ~7519.1 min remaining)
[20:59:02] Analyzed 7100/180579 patents (0.4/sec, ~7512.5 min remaining)
[20:59:15] Analyzed 7110/180579 patents (0.4/sec, ~7506.9 min remaining)
[20:59:26] Analyzed 7120/180579 patents (0.4/sec, ~7500.1 min remaining)
[20:59:29] Analyzed 7130/180579 patents (0.4/sec, ~7490.5 min remaining)
[20:59:42] Analyzed 7140/180579 patents (0.4/sec, ~7484.8 min remaining)
[21:00:01] Analyzed 7150/180579 patents (0.4/sec, ~7481.8 min remaining)
[21:00:04] Analyzed 7160/180579 patents (0.4/sec, ~7472.1 min remaining)
[21:00:37] Analyzed 7170/180579 patents (0.4/sec, ~7474.5 min remaining)
[21:00:40] Analyzed 7180/180579 patents (0.4/sec, ~7464.9 min remaining)
[21:00:59] Analyzed 7190/180579 patents (0.4/sec, ~7461.6 min remaining)
[21:01:19] Analyzed 7200/180579 patents (0.4/sec, ~7458.8 min remaining)
[21:01:29] Analyzed 7210/180579 patents (0.4/sec, ~7452.1 min remaining)
[21:01:34] Analyzed 7220/180579 patents (0.4/sec, ~7443.4 min remaining)
[21:01:53] Analyzed 7230/180579 patents (0.4/sec, ~7440.2 min remaining)
[21:02:33] Analyzed 7240/180579 patents (0.4/sec, ~7445.4 min remaining)
[21:03:25] Analyzed 7250/180579 patents (0.4/sec, ~7455.5 min remaining)
[21:04:09] Analyzed 7260/180579 patents (0.4/sec, ~7462.3 min remaining)
[21:04:28] Analyzed 7270/180579 patents (0.4/sec, ~7459.1 min remaining)
[21:05:26] Analyzed 7280/180579 patents (0.4/sec, ~7471.4 min remaining)
[21:06:03] Analyzed 7290/180579 patents (0.4/sec, ~7475.5 min remaining)
[21:07:33] Analyzed 7300/180579 patents (0.4/sec, ~7500.3 min remaining)
[21:09:02] Analyzed 7310/180579 patents (0.4/sec, ~7524.8 min remaining)
[21:09:28] Analyzed 7320/180579 patents (0.4/sec, ~7524.6 min remaining)
[21:09:31] Analyzed 7330/180579 patents (0.4/sec, ~7515.1 min remaining)
[21:09:37] Analyzed 7340/180579 patents (0.4/sec, ~7506.4 min remaining)
[21:09:40] Analyzed 7350/180579 patents (0.4/sec, ~7497.0 min remaining)
[21:09:51] Analyzed 7360/180579 patents (0.4/sec, ~7490.7 min remaining)
[21:10:17] Analyzed 7370/180579 patents (0.4/sec, ~7490.4 min remaining)
[21:10:26] Analyzed 7380/180579 patents (0.4/sec, ~7483.4 min remaining)
[21:11:35] Analyzed 7390/180579 patents (0.4/sec, ~7499.7 min remaining)
[21:11:46] Analyzed 7400/180579 patents (0.4/sec, ~7493.6 min remaining)
[21:12:12] Analyzed 7410/180579 patents (0.4/sec, ~7493.2 min remaining)
[21:12:16] Analyzed 7420/180579 patents (0.4/sec, ~7483.9 min remaining)
[21:13:13] Analyzed 7430/180579 patents (0.4/sec, ~7495.7 min remaining)
[21:14:27] Analyzed 7440/180579 patents (0.4/sec, ~7513.8 min remaining)
[21:15:22] Analyzed 7450/180579 patents (0.4/sec, ~7524.8 min remaining)
[21:16:03] Analyzed 7460/180579 patents (0.4/sec, ~7529.9 min remaining)
[21:16:39] Analyzed 7470/180579 patents (0.4/sec, ~7533.3 min remaining)
[21:17:32] Analyzed 7480/180579 patents (0.4/sec, ~7543.5 min remaining)
[21:18:13] Analyzed 7490/180579 patents (0.4/sec, ~7548.8 min remaining)
[21:18:45] Analyzed 7500/180579 patents (0.4/sec, ~7550.5 min remaining)
[21:19:01] Analyzed 7510/180579 patents (0.4/sec, ~7546.1 min remaining)
[21:19:15] Analyzed 7520/180579 patents (0.4/sec, ~7541.0 min remaining)
[21:20:04] Analyzed 7530/180579 patents (0.4/sec, ~7549.2 min remaining)
[21:20:36] Analyzed 7540/180579 patents (0.4/sec, ~7551.1 min remaining)
[21:21:11] Analyzed 7550/180579 patents (0.4/sec, ~7554.2 min remaining)
[21:21:57] Analyzed 7560/180579 patents (0.4/sec, ~7561.1 min remaining)
[21:22:14] Analyzed 7570/180579 patents (0.4/sec, ~7557.3 min remaining)
[21:22:47] Analyzed 7580/180579 patents (0.4/sec, ~7559.5 min remaining)
[21:23:47] Analyzed 7590/180579 patents (0.4/sec, ~7571.7 min remaining)
[21:24:03] Analyzed 7600/180579 patents (0.4/sec, ~7567.6 min remaining)
[21:24:39] Analyzed 7610/180579 patents (0.4/sec, ~7570.5 min remaining)
[21:25:00] Analyzed 7620/180579 patents (0.4/sec, ~7568.3 min remaining)
[21:25:23] Analyzed 7630/180579 patents (0.4/sec, ~7566.4 min remaining)
[21:25:26] Analyzed 7640/180579 patents (0.4/sec, ~7557.3 min remaining)
[21:25:39] Analyzed 7650/180579 patents (0.4/sec, ~7551.9 min remaining)
[21:26:06] Analyzed 7660/180579 patents (0.4/sec, ~7551.8 min remaining)
[21:26:59] Analyzed 7670/180579 patents (0.4/sec, ~7561.4 min remaining)
[21:27:13] Analyzed 7680/180579 patents (0.4/sec, ~7556.4 min remaining)
[21:27:24] Analyzed 7690/180579 patents (0.4/sec, ~7550.3 min remaining)
[21:27:27] Analyzed 7700/180579 patents (0.4/sec, ~7541.3 min remaining)
[21:27:48] Analyzed 7710/180579 patents (0.4/sec, ~7539.0 min remaining)
[21:28:01] Analyzed 7720/180579 patents (0.4/sec, ~7533.3 min remaining)
[21:28:23] Analyzed 7730/180579 patents (0.4/sec, ~7531.5 min remaining)
[21:28:34] Analyzed 7740/180579 patents (0.4/sec, ~7525.3 min remaining)
[21:28:56] Analyzed 7750/180579 patents (0.4/sec, ~7523.3 min remaining)
[21:29:09] Analyzed 7760/180579 patents (0.4/sec, ~7518.0 min remaining)
[21:29:18] Analyzed 7770/180579 patents (0.4/sec, ~7511.3 min remaining)
[21:29:25] Analyzed 7780/180579 patents (0.4/sec, ~7503.7 min remaining)
[21:29:41] Analyzed 7790/180579 patents (0.4/sec, ~7499.7 min remaining)
[21:29:49] Analyzed 7800/180579 patents (0.4/sec, ~7492.5 min remaining)
[21:29:57] Analyzed 7810/180579 patents (0.4/sec, ~7485.4 min remaining)
[21:30:23] Analyzed 7820/180579 patents (0.4/sec, ~7485.1 min remaining)
[21:30:37] Analyzed 7830/180579 patents (0.4/sec, ~7480.3 min remaining)
[21:31:19] Analyzed 7840/180579 patents (0.4/sec, ~7485.6 min remaining)
[21:32:20] Analyzed 7850/180579 patents (0.4/sec, ~7498.1 min remaining)
[21:32:29] Analyzed 7860/180579 patents (0.4/sec, ~7491.4 min remaining)
[21:33:39] Analyzed 7870/180579 patents (0.4/sec, ~7507.2 min remaining)
[21:34:15] Analyzed 7880/180579 patents (0.4/sec, ~7510.2 min remaining)
[21:35:19] Analyzed 7890/180579 patents (0.4/sec, ~7523.8 min remaining)
[21:36:34] Analyzed 7900/180579 patents (0.4/sec, ~7540.9 min remaining)
[21:36:55] Analyzed 7910/180579 patents (0.4/sec, ~7538.6 min remaining)
[21:36:58] Analyzed 7920/180579 patents (0.4/sec, ~7529.9 min remaining)
[21:37:07] Analyzed 7930/180579 patents (0.4/sec, ~7523.2 min remaining)
[21:37:44] Analyzed 7940/180579 patents (0.4/sec, ~7526.6 min remaining)
[21:38:12] Analyzed 7950/180579 patents (0.4/sec, ~7527.0 min remaining)
[21:38:36] Analyzed 7960/180579 patents (0.4/sec, ~7525.7 min remaining)
[21:38:57] Analyzed 7970/180579 patents (0.4/sec, ~7523.5 min remaining)
[21:39:25] Analyzed 7980/180579 patents (0.4/sec, ~7523.6 min remaining)
[21:39:41] Analyzed 7990/180579 patents (0.4/sec, ~7519.5 min remaining)
[21:40:16] Analyzed 8000/180579 patents (0.4/sec, ~7522.1 min remaining)
[21:40:37] Analyzed 8010/180579 patents (0.4/sec, ~7519.9 min remaining)
[21:41:48] Analyzed 8020/180579 patents (0.4/sec, ~7535.6 min remaining)
[21:42:13] Analyzed 8030/180579 patents (0.4/sec, ~7534.8 min remaining)
[21:43:12] Analyzed 8040/180579 patents (0.4/sec, ~7545.9 min remaining)
[21:43:56] Analyzed 8050/180579 patents (0.4/sec, ~7552.0 min remaining)
[21:44:42] Analyzed 8060/180579 patents (0.4/sec, ~7558.6 min remaining)
[21:45:28] Analyzed 8070/180579 patents (0.4/sec, ~7565.1 min remaining)
[21:45:41] Analyzed 8080/180579 patents (0.4/sec, ~7560.0 min remaining)
[21:46:01] Analyzed 8090/180579 patents (0.4/sec, ~7557.4 min remaining)
[21:46:16] Analyzed 8100/180579 patents (0.4/sec, ~7552.8 min remaining)
[21:46:45] Analyzed 8110/180579 patents (0.4/sec, ~7553.3 min remaining)
[21:47:20] Analyzed 8120/180579 patents (0.4/sec, ~7556.2 min remaining)
[21:47:35] Analyzed 8130/180579 patents (0.4/sec, ~7551.6 min remaining)
[21:48:17] Analyzed 8140/180579 patents (0.4/sec, ~7556.6 min remaining)
[21:49:01] Analyzed 8150/180579 patents (0.4/sec, ~7562.7 min remaining)
[21:49:20] Analyzed 8160/180579 patents (0.4/sec, ~7559.6 min remaining)
[21:49:58] Analyzed 8170/180579 patents (0.4/sec, ~7563.1 min remaining)
[21:50:01] Analyzed 8180/180579 patents (0.4/sec, ~7554.6 min remaining)
[21:50:04] Analyzed 8190/180579 patents (0.4/sec, ~7546.0 min remaining)
[21:50:35] Analyzed 8200/180579 patents (0.4/sec, ~7547.3 min remaining)
[21:50:39] Analyzed 8210/180579 patents (0.4/sec, ~7538.8 min remaining)
[21:50:42] Analyzed 8220/180579 patents (0.4/sec, ~7530.3 min remaining)
[21:50:56] Analyzed 8230/180579 patents (0.4/sec, ~7525.8 min remaining)
[21:51:02] Analyzed 8240/180579 patents (0.4/sec, ~7518.2 min remaining)
[21:51:09] Analyzed 8250/180579 patents (0.4/sec, ~7511.0 min remaining)
[21:51:55] Analyzed 8260/180579 patents (0.4/sec, ~7517.4 min remaining)
[21:52:16] Analyzed 8270/180579 patents (0.4/sec, ~7515.3 min remaining)
[21:52:35] Analyzed 8280/180579 patents (0.4/sec, ~7512.5 min remaining)
[21:52:59] Analyzed 8290/180579 patents (0.4/sec, ~7511.1 min remaining)
[21:53:02] Analyzed 8300/180579 patents (0.4/sec, ~7502.7 min remaining)
[21:53:19] Analyzed 8310/180579 patents (0.4/sec, ~7499.2 min remaining)
[21:53:47] Analyzed 8320/180579 patents (0.4/sec, ~7499.2 min remaining)
[21:53:55] Analyzed 8330/180579 patents (0.4/sec, ~7492.6 min remaining)
[21:54:20] Analyzed 8340/180579 patents (0.4/sec, ~7491.7 min remaining)
[21:54:36] Analyzed 8350/180579 patents (0.4/sec, ~7488.0 min remaining)
[21:54:49] Analyzed 8360/180579 patents (0.4/sec, ~7483.1 min remaining)
[21:54:54] Analyzed 8370/180579 patents (0.4/sec, ~7475.6 min remaining)
[21:55:23] Analyzed 8380/180579 patents (0.4/sec, ~7476.1 min remaining)
[21:55:43] Analyzed 8390/180579 patents (0.4/sec, ~7473.5 min remaining)
[21:55:46] Analyzed 8400/180579 patents (0.4/sec, ~7465.2 min remaining)
[21:56:24] Analyzed 8410/180579 patents (0.4/sec, ~7468.9 min remaining)
[21:57:16] Analyzed 8420/180579 patents (0.4/sec, ~7477.4 min remaining)
[21:58:40] Analyzed 8430/180579 patents (0.4/sec, ~7496.5 min remaining)
[21:59:13] Analyzed 8440/180579 patents (0.4/sec, ~7498.5 min remaining)
[21:59:17] Analyzed 8450/180579 patents (0.4/sec, ~7490.3 min remaining)
[21:59:52] Analyzed 8460/180579 patents (0.4/sec, ~7493.2 min remaining)
[22:01:13] Analyzed 8470/180579 patents (0.4/sec, ~7511.1 min remaining)
[22:02:28] Analyzed 8480/180579 patents (0.4/sec, ~7527.4 min remaining)
[22:03:48] Analyzed 8490/180579 patents (0.4/sec, ~7544.9 min remaining)
[22:04:14] Analyzed 8500/180579 patents (0.4/sec, ~7544.3 min remaining)
[22:04:16] Analyzed 8510/180579 patents (0.4/sec, ~7535.9 min remaining)
[22:04:19] Analyzed 8520/180579 patents (0.4/sec, ~7527.7 min remaining)
[22:04:39] Analyzed 8530/180579 patents (0.4/sec, ~7525.1 min remaining)
[22:04:56] Analyzed 8540/180579 patents (0.4/sec, ~7521.4 min remaining)
[22:05:20] Analyzed 8550/180579 patents (0.4/sec, ~7520.4 min remaining)
[22:05:31] Analyzed 8560/180579 patents (0.4/sec, ~7514.8 min remaining)
[22:06:20] Analyzed 8570/180579 patents (0.4/sec, ~7522.1 min remaining)
[22:06:39] Analyzed 8580/180579 patents (0.4/sec, ~7519.2 min remaining)
[22:07:08] Analyzed 8590/180579 patents (0.4/sec, ~7519.4 min remaining)
[22:07:20] Analyzed 8600/180579 patents (0.4/sec, ~7514.3 min remaining)
[22:08:20] Analyzed 8610/180579 patents (0.4/sec, ~7525.2 min remaining)
[22:09:06] Analyzed 8620/180579 patents (0.4/sec, ~7531.4 min remaining)
[22:09:51] Analyzed 8630/180579 patents (0.4/sec, ~7537.1 min remaining)
[22:10:49] Analyzed 8640/180579 patents (0.4/sec, ~7547.1 min remaining)
[22:11:36] Analyzed 8650/180579 patents (0.4/sec, ~7553.7 min remaining)
[22:12:34] Analyzed 8660/180579 patents (0.4/sec, ~7563.6 min remaining)
[22:13:21] Analyzed 8670/180579 patents (0.4/sec, ~7570.0 min remaining)
[22:14:38] Analyzed 8680/180579 patents (0.4/sec, ~7586.4 min remaining)
[22:14:58] Analyzed 8690/180579 patents (0.4/sec, ~7583.6 min remaining)
[22:15:08] Analyzed 8700/180579 patents (0.4/sec, ~7577.8 min remaining)
[22:15:57] Analyzed 8710/180579 patents (0.4/sec, ~7584.6 min remaining)
[22:16:31] Analyzed 8720/180579 patents (0.4/sec, ~7586.8 min remaining)
[22:16:45] Analyzed 8730/180579 patents (0.4/sec, ~7582.3 min remaining)
[22:17:17] Analyzed 8740/180579 patents (0.4/sec, ~7583.8 min remaining)
[22:18:23] Analyzed 8750/180579 patents (0.4/sec, ~7596.2 min remaining)
[22:18:49] Analyzed 8760/180579 patents (0.4/sec, ~7595.6 min remaining)
[22:18:57] Analyzed 8770/180579 patents (0.4/sec, ~7589.1 min remaining)
[22:19:33] Analyzed 8780/180579 patents (0.4/sec, ~7591.7 min remaining)
[22:20:26] Analyzed 8790/180579 patents (0.4/sec, ~7599.8 min remaining)
[22:21:17] Analyzed 8800/180579 patents (0.4/sec, ~7607.2 min remaining)
[22:21:30] Analyzed 8810/180579 patents (0.4/sec, ~7602.5 min remaining)
[22:21:33] Analyzed 8820/180579 patents (0.4/sec, ~7594.4 min remaining)
[22:22:08] Analyzed 8830/180579 patents (0.4/sec, ~7596.9 min remaining)
[22:22:21] Analyzed 8840/180579 patents (0.4/sec, ~7592.0 min remaining)
[22:22:25] Analyzed 8850/180579 patents (0.4/sec, ~7584.0 min remaining)
[22:22:46] Analyzed 8860/180579 patents (0.4/sec, ~7582.0 min remaining)
[22:23:02] Analyzed 8870/180579 patents (0.4/sec, ~7578.2 min remaining)
[22:23:10] Analyzed 8880/180579 patents (0.4/sec, ~7571.8 min remaining)
[22:23:41] Analyzed 8890/180579 patents (0.4/sec, ~7572.6 min remaining)
[22:24:11] Analyzed 8900/180579 patents (0.4/sec, ~7573.5 min remaining)
[22:24:27] Analyzed 8910/180579 patents (0.4/sec, ~7569.5 min remaining)
[22:24:30] Analyzed 8920/180579 patents (0.4/sec, ~7561.6 min remaining)
[22:24:33] Analyzed 8930/180579 patents (0.4/sec, ~7553.7 min remaining)
[22:24:47] Analyzed 8940/180579 patents (0.4/sec, ~7549.3 min remaining)
[22:25:32] Analyzed 8950/180579 patents (0.4/sec, ~7554.7 min remaining)
[22:26:17] Analyzed 8960/180579 patents (0.4/sec, ~7560.3 min remaining)
[22:26:23] Analyzed 8970/180579 patents (0.4/sec, ~7553.3 min remaining)
[22:26:50] Analyzed 8980/180579 patents (0.4/sec, ~7553.1 min remaining)
[22:27:07] Analyzed 8990/180579 patents (0.4/sec, ~7549.7 min remaining)
[22:27:32] Analyzed 9000/180579 patents (0.4/sec, ~7548.7 min remaining)
[22:27:39] Analyzed 9010/180579 patents (0.4/sec, ~7542.4 min remaining)
[22:28:03] Analyzed 9020/180579 patents (0.4/sec, ~7541.2 min remaining)
[22:28:14] Analyzed 9030/180579 patents (0.4/sec, ~7535.8 min remaining)
[22:28:27] Analyzed 9040/180579 patents (0.4/sec, ~7531.2 min remaining)
[22:28:31] Analyzed 9050/180579 patents (0.4/sec, ~7523.4 min remaining)
[22:28:34] Analyzed 9060/180579 patents (0.4/sec, ~7515.7 min remaining)
[22:29:04] Analyzed 9070/180579 patents (0.4/sec, ~7516.6 min remaining)
[22:30:12] Analyzed 9080/180579 patents (0.4/sec, ~7529.3 min remaining)
[22:31:15] Analyzed 9090/180579 patents (0.4/sec, ~7540.4 min remaining)
[22:31:28] Analyzed 9100/180579 patents (0.4/sec, ~7535.7 min remaining)
[22:31:54] Analyzed 9110/180579 patents (0.4/sec, ~7535.1 min remaining)
[22:32:22] Analyzed 9120/180579 patents (0.4/sec, ~7535.1 min remaining)
[22:33:27] Analyzed 9130/180579 patents (0.4/sec, ~7546.7 min remaining)
[22:34:17] Analyzed 9140/180579 patents (0.4/sec, ~7553.6 min remaining)
[22:34:19] Analyzed 9150/180579 patents (0.4/sec, ~7545.8 min remaining)
[22:34:27] Analyzed 9160/180579 patents (0.4/sec, ~7539.6 min remaining)
[22:34:35] Analyzed 9170/180579 patents (0.4/sec, ~7533.4 min remaining)
[22:35:03] Analyzed 9180/180579 patents (0.4/sec, ~7533.3 min remaining)
[22:35:47] Analyzed 9190/180579 patents (0.4/sec, ~7538.4 min remaining)
[22:35:53] Analyzed 9200/180579 patents (0.4/sec, ~7531.5 min remaining)
[22:36:22] Analyzed 9210/180579 patents (0.4/sec, ~7532.0 min remaining)
[22:36:49] Analyzed 9220/180579 patents (0.4/sec, ~7531.7 min remaining)
[22:37:03] Analyzed 9230/180579 patents (0.4/sec, ~7527.6 min remaining)
[22:37:46] Analyzed 9240/180579 patents (0.4/sec, ~7532.1 min remaining)
[22:38:22] Analyzed 9250/180579 patents (0.4/sec, ~7534.7 min remaining)
[22:39:08] Analyzed 9260/180579 patents (0.4/sec, ~7540.5 min remaining)
[22:40:02] Analyzed 9270/180579 patents (0.4/sec, ~7548.4 min remaining)
[22:40:22] Analyzed 9280/180579 patents (0.4/sec, ~7546.1 min remaining)
[22:40:57] Analyzed 9290/180579 patents (0.4/sec, ~7548.2 min remaining)
[22:41:07] Analyzed 9300/180579 patents (0.4/sec, ~7542.7 min remaining)
[22:42:07] Analyzed 9310/180579 patents (0.4/sec, ~7552.5 min remaining)
[22:42:24] Analyzed 9320/180579 patents (0.4/sec, ~7549.2 min remaining)
[22:43:39] Analyzed 9330/180579 patents (0.4/sec, ~7563.6 min remaining)
[22:44:24] Analyzed 9340/180579 patents (0.4/sec, ~7568.8 min remaining)
[22:44:27] Analyzed 9350/180579 patents (0.4/sec, ~7561.2 min remaining)
[22:44:37] Analyzed 9360/180579 patents (0.4/sec, ~7555.7 min remaining)
[22:44:40] Analyzed 9370/180579 patents (0.4/sec, ~7548.2 min remaining)
[22:44:59] Analyzed 9380/180579 patents (0.4/sec, ~7545.3 min remaining)
[22:45:06] Analyzed 9390/180579 patents (0.4/sec, ~7539.1 min remaining)
[22:45:25] Analyzed 9400/180579 patents (0.4/sec, ~7536.4 min remaining)
[22:46:13] Analyzed 9410/180579 patents (0.4/sec, ~7542.4 min remaining)
[22:46:30] Analyzed 9420/180579 patents (0.4/sec, ~7539.1 min remaining)
[22:46:45] Analyzed 9430/180579 patents (0.4/sec, ~7535.3 min remaining)
[22:46:52] Analyzed 9440/180579 patents (0.4/sec, ~7529.1 min remaining)
[22:46:56] Analyzed 9450/180579 patents (0.4/sec, ~7521.7 min remaining)
[22:47:06] Analyzed 9460/180579 patents (0.4/sec, ~7516.5 min remaining)
[22:47:16] Analyzed 9470/180579 patents (0.4/sec, ~7510.9 min remaining)
[22:47:36] Analyzed 9480/180579 patents (0.4/sec, ~7508.8 min remaining)
[22:48:02] Analyzed 9490/180579 patents (0.4/sec, ~7508.2 min remaining)
[22:48:11] Analyzed 9500/180579 patents (0.4/sec, ~7502.7 min remaining)
[22:48:15] Analyzed 9510/180579 patents (0.4/sec, ~7495.3 min remaining)
[22:48:21] Analyzed 9520/180579 patents (0.4/sec, ~7489.0 min remaining)
[22:48:43] Analyzed 9530/180579 patents (0.4/sec, ~7487.1 min remaining)
[22:48:46] Analyzed 9540/180579 patents (0.4/sec, ~7479.7 min remaining)
[22:49:29] Analyzed 9550/180579 patents (0.4/sec, ~7484.3 min remaining)
[22:50:17] Analyzed 9560/180579 patents (0.4/sec, ~7490.5 min remaining)
[22:50:51] Analyzed 9570/180579 patents (0.4/sec, ~7492.2 min remaining)
[22:51:13] Analyzed 9580/180579 patents (0.4/sec, ~7490.6 min remaining)
[22:52:19] Analyzed 9590/180579 patents (0.4/sec, ~7502.1 min remaining)
[22:53:52] Analyzed 9600/180579 patents (0.4/sec, ~7521.3 min remaining)
[22:54:07] Analyzed 9610/180579 patents (0.4/sec, ~7517.3 min remaining)
[22:54:32] Analyzed 9620/180579 patents (0.4/sec, ~7516.7 min remaining)
[22:54:53] Analyzed 9630/180579 patents (0.4/sec, ~7514.5 min remaining)
[22:55:00] Analyzed 9640/180579 patents (0.4/sec, ~7508.4 min remaining)
[22:55:39] Analyzed 9650/180579 patents (0.4/sec, ~7511.6 min remaining)
[22:56:05] Analyzed 9660/180579 patents (0.4/sec, ~7511.2 min remaining)
[22:56:55] Analyzed 9670/180579 patents (0.4/sec, ~7517.7 min remaining)
[22:57:28] Analyzed 9680/180579 patents (0.4/sec, ~7519.2 min remaining)
[22:57:49] Analyzed 9690/180579 patents (0.4/sec, ~7517.0 min remaining)
[22:58:40] Analyzed 9700/180579 patents (0.4/sec, ~7523.9 min remaining)
[22:58:43] Analyzed 9710/180579 patents (0.4/sec, ~7516.6 min remaining)
[22:59:19] Analyzed 9720/180579 patents (0.4/sec, ~7518.9 min remaining)
[22:59:22] Analyzed 9730/180579 patents (0.4/sec, ~7511.7 min remaining)
[23:00:05] Analyzed 9740/180579 patents (0.4/sec, ~7516.1 min remaining)
[23:01:10] Analyzed 9750/180579 patents (0.4/sec, ~7526.9 min remaining)
[23:01:48] Analyzed 9760/180579 patents (0.4/sec, ~7529.9 min remaining)
[23:02:35] Analyzed 9770/180579 patents (0.4/sec, ~7535.4 min remaining)
[23:03:42] Analyzed 9780/180579 patents (0.4/sec, ~7546.7 min remaining)
[23:04:34] Analyzed 9790/180579 patents (0.4/sec, ~7553.7 min remaining)
[23:05:23] Analyzed 9800/180579 patents (0.4/sec, ~7559.8 min remaining)
[23:06:24] Analyzed 9810/180579 patents (0.4/sec, ~7569.4 min remaining)
[23:06:48] Analyzed 9820/180579 patents (0.4/sec, ~7568.1 min remaining)
[23:06:56] Analyzed 9830/180579 patents (0.4/sec, ~7562.4 min remaining)
[23:07:17] Analyzed 9840/180579 patents (0.4/sec, ~7560.4 min remaining)
[23:07:32] Analyzed 9850/180579 patents (0.4/sec, ~7556.5 min remaining)
[23:08:05] Analyzed 9860/180579 patents (0.4/sec, ~7558.0 min remaining)
[23:08:50] Analyzed 9870/180579 patents (0.4/sec, ~7562.9 min remaining)
[23:09:30] Analyzed 9880/180579 patents (0.4/sec, ~7566.3 min remaining)
[23:09:45] Analyzed 9890/180579 patents (0.4/sec, ~7562.4 min remaining)
[23:10:31] Analyzed 9900/180579 patents (0.4/sec, ~7567.7 min remaining)
[23:11:06] Analyzed 9910/180579 patents (0.4/sec, ~7569.6 min remaining)
[23:12:04] Analyzed 9920/180579 patents (0.4/sec, ~7578.0 min remaining)
[23:12:35] Analyzed 9930/180579 patents (0.4/sec, ~7578.8 min remaining)
[23:12:44] Analyzed 9940/180579 patents (0.4/sec, ~7573.5 min remaining)
[23:13:02] Analyzed 9950/180579 patents (0.4/sec, ~7570.5 min remaining)
[23:13:09] Analyzed 9960/180579 patents (0.4/sec, ~7564.5 min remaining)
[23:13:28] Analyzed 9970/180579 patents (0.4/sec, ~7561.9 min remaining)
[23:13:31] Analyzed 9980/180579 patents (0.4/sec, ~7554.8 min remaining)
[23:13:42] Analyzed 9990/180579 patents (0.4/sec, ~7549.9 min remaining)
[23:14:11] Analyzed 10000/180579 patents (0.4/sec, ~7550.2 min remaining)
[23:14:15] Analyzed 10010/180579 patents (0.4/sec, ~7543.1 min remaining)
[23:14:57] Analyzed 10020/180579 patents (0.4/sec, ~7547.2 min remaining)
[23:15:14] Analyzed 10030/180579 patents (0.4/sec, ~7544.1 min remaining)
[23:15:39] Analyzed 10040/180579 patents (0.4/sec, ~7543.0 min remaining)
[23:15:50] Analyzed 10050/180579 patents (0.4/sec, ~7538.2 min remaining)
[23:15:53] Analyzed 10060/180579 patents (0.4/sec, ~7531.2 min remaining)
[23:15:56] Analyzed 10070/180579 patents (0.4/sec, ~7524.2 min remaining)
[23:16:06] Analyzed 10080/180579 patents (0.4/sec, ~7518.9 min remaining)
[23:16:26] Analyzed 10090/180579 patents (0.4/sec, ~7516.8 min remaining)
[23:16:46] Analyzed 10100/180579 patents (0.4/sec, ~7514.5 min remaining)
[23:16:59] Analyzed 10110/180579 patents (0.4/sec, ~7510.2 min remaining)
[23:17:17] Analyzed 10120/180579 patents (0.4/sec, ~7507.5 min remaining)
[23:17:43] Analyzed 10130/180579 patents (0.4/sec, ~7507.0 min remaining)
[23:17:55] Analyzed 10140/180579 patents (0.4/sec, ~7502.6 min remaining)
[23:18:30] Analyzed 10150/180579 patents (0.4/sec, ~7504.4 min remaining)
[23:18:35] Analyzed 10160/180579 patents (0.4/sec, ~7498.1 min remaining)
[23:18:46] Analyzed 10170/180579 patents (0.4/sec, ~7493.2 min remaining)
[23:18:49] Analyzed 10180/180579 patents (0.4/sec, ~7486.2 min remaining)
[23:18:52] Analyzed 10190/180579 patents (0.4/sec, ~7479.3 min remaining)
[23:19:55] Analyzed 10200/180579 patents (0.4/sec, ~7489.1 min remaining)
[23:20:49] Analyzed 10210/180579 patents (0.4/sec, ~7496.4 min remaining)
[23:21:29] Analyzed 10220/180579 patents (0.4/sec, ~7499.8 min remaining)
[23:21:44] Analyzed 10230/180579 patents (0.4/sec, ~7496.2 min remaining)
[23:22:11] Analyzed 10240/180579 patents (0.4/sec, ~7495.9 min remaining)
[23:22:51] Analyzed 10250/180579 patents (0.4/sec, ~7499.2 min remaining)
[23:24:06] Analyzed 10260/180579 patents (0.4/sec, ~7512.1 min remaining)
[23:25:33] Analyzed 10270/180579 patents (0.4/sec, ~7528.6 min remaining)
[23:25:47] Analyzed 10280/180579 patents (0.4/sec, ~7524.6 min remaining)
[23:25:50] Analyzed 10290/180579 patents (0.4/sec, ~7517.7 min remaining)
[23:25:53] Analyzed 10300/180579 patents (0.4/sec, ~7510.8 min remaining)
[23:26:05] Analyzed 10310/180579 patents (0.4/sec, ~7506.3 min remaining)
[23:26:33] Analyzed 10320/180579 patents (0.4/sec, ~7506.2 min remaining)
[23:27:00] Analyzed 10330/180579 patents (0.4/sec, ~7506.0 min remaining)
[23:27:10] Analyzed 10340/180579 patents (0.4/sec, ~7501.1 min remaining)
[23:27:31] Analyzed 10350/180579 patents (0.4/sec, ~7499.1 min remaining)
[23:27:44] Analyzed 10360/180579 patents (0.4/sec, ~7494.9 min remaining)
[23:27:47] Analyzed 10370/180579 patents (0.4/sec, ~7488.1 min remaining)
[23:28:07] Analyzed 10380/180579 patents (0.4/sec, ~7486.1 min remaining)
[23:29:08] Analyzed 10390/180579 patents (0.4/sec, ~7494.9 min remaining)
[23:29:22] Analyzed 10400/180579 patents (0.4/sec, ~7491.1 min remaining)
[23:29:44] Analyzed 10410/180579 patents (0.4/sec, ~7489.5 min remaining)
[23:30:24] Analyzed 10420/180579 patents (0.4/sec, ~7492.7 min remaining)
[23:31:24] Analyzed 10430/180579 patents (0.4/sec, ~7501.3 min remaining)
[23:31:47] Analyzed 10440/180579 patents (0.4/sec, ~7500.0 min remaining)
[23:32:35] Analyzed 10450/180579 patents (0.4/sec, ~7505.5 min remaining)
[23:32:59] Analyzed 10460/180579 patents (0.4/sec, ~7504.4 min remaining)
[23:33:18] Analyzed 10470/180579 patents (0.4/sec, ~7501.9 min remaining)
[23:33:51] Analyzed 10480/180579 patents (0.4/sec, ~7503.2 min remaining)
[23:34:14] Analyzed 10490/180579 patents (0.4/sec, ~7501.9 min remaining)
[23:35:20] Analyzed 10500/180579 patents (0.4/sec, ~7512.0 min remaining)
[23:35:38] Analyzed 10510/180579 patents (0.4/sec, ~7509.2 min remaining)
[23:36:00] Analyzed 10520/180579 patents (0.4/sec, ~7507.7 min remaining)
[23:36:43] Analyzed 10530/180579 patents (0.4/sec, ~7511.7 min remaining)
[23:37:16] Analyzed 10540/180579 patents (0.4/sec, ~7513.1 min remaining)
[23:37:39] Analyzed 10550/180579 patents (0.4/sec, ~7511.5 min remaining)
[23:38:02] Analyzed 10560/180579 patents (0.4/sec, ~7510.2 min remaining)
[23:38:13] Analyzed 10570/180579 patents (0.4/sec, ~7505.6 min remaining)
[23:38:18] Analyzed 10580/180579 patents (0.4/sec, ~7499.6 min remaining)
[23:38:22] Analyzed 10590/180579 patents (0.4/sec, ~7492.9 min remaining)
[23:38:37] Analyzed 10600/180579 patents (0.4/sec, ~7489.5 min remaining)
[23:38:57] Analyzed 10610/180579 patents (0.4/sec, ~7487.2 min remaining)
[23:39:08] Analyzed 10620/180579 patents (0.4/sec, ~7482.9 min remaining)
[23:39:18] Analyzed 10630/180579 patents (0.4/sec, ~7477.8 min remaining)
[23:39:30] Analyzed 10640/180579 patents (0.4/sec, ~7473.7 min remaining)
[23:39:41] Analyzed 10650/180579 patents (0.4/sec, ~7469.1 min remaining)
[23:39:55] Analyzed 10660/180579 patents (0.4/sec, ~7465.4 min remaining)
[23:40:06] Analyzed 10670/180579 patents (0.4/sec, ~7460.9 min remaining)
[23:40:22] Analyzed 10680/180579 patents (0.4/sec, ~7457.7 min remaining)
[23:40:41] Analyzed 10690/180579 patents (0.4/sec, ~7455.5 min remaining)
[23:41:07] Analyzed 10700/180579 patents (0.4/sec, ~7454.9 min remaining)
[23:41:41] Analyzed 10710/180579 patents (0.4/sec, ~7456.3 min remaining)
[23:41:51] Analyzed 10720/180579 patents (0.4/sec, ~7451.6 min remaining)
[23:42:18] Analyzed 10730/180579 patents (0.4/sec, ~7451.4 min remaining)
[23:42:32] Analyzed 10740/180579 patents (0.4/sec, ~7447.6 min remaining)
[23:42:41] Analyzed 10750/180579 patents (0.4/sec, ~7442.8 min remaining)
[23:43:10] Analyzed 10760/180579 patents (0.4/sec, ~7443.1 min remaining)
[23:43:23] Analyzed 10770/180579 patents (0.4/sec, ~7439.1 min remaining)
[23:43:26] Analyzed 10780/180579 patents (0.4/sec, ~7432.6 min remaining)
[23:43:37] Analyzed 10790/180579 patents (0.4/sec, ~7428.1 min remaining)
[23:43:59] Analyzed 10800/180579 patents (0.4/sec, ~7426.6 min remaining)
[23:45:05] Analyzed 10810/180579 patents (0.4/sec, ~7436.6 min remaining)
[23:45:42] Analyzed 10820/180579 patents (0.4/sec, ~7438.8 min remaining)
[23:45:56] Analyzed 10830/180579 patents (0.4/sec, ~7435.3 min remaining)
[23:46:04] Analyzed 10840/180579 patents (0.4/sec, ~7430.0 min remaining)
[23:46:31] Analyzed 10850/180579 patents (0.4/sec, ~7429.6 min remaining)
[23:47:51] Analyzed 10860/180579 patents (0.4/sec, ~7443.3 min remaining)
[23:49:27] Analyzed 10870/180579 patents (0.4/sec, ~7460.9 min remaining)
[23:49:36] Analyzed 10880/180579 patents (0.4/sec, ~7456.0 min remaining)
[23:49:39] Analyzed 10890/180579 patents (0.4/sec, ~7449.4 min remaining)
[23:50:03] Analyzed 10900/180579 patents (0.4/sec, ~7448.6 min remaining)
[23:50:32] Analyzed 10910/180579 patents (0.4/sec, ~7448.8 min remaining)
[23:50:35] Analyzed 10920/180579 patents (0.4/sec, ~7442.4 min remaining)
[23:51:11] Analyzed 10930/180579 patents (0.4/sec, ~7444.3 min remaining)
[23:51:32] Analyzed 10940/180579 patents (0.4/sec, ~7442.6 min remaining)
[23:51:54] Analyzed 10950/180579 patents (0.4/sec, ~7441.0 min remaining)
[23:52:13] Analyzed 10960/180579 patents (0.4/sec, ~7438.5 min remaining)
[23:52:42] Analyzed 10970/180579 patents (0.4/sec, ~7438.9 min remaining)
[23:52:45] Analyzed 10980/180579 patents (0.4/sec, ~7432.5 min remaining)
[23:53:30] Analyzed 10990/180579 patents (0.4/sec, ~7436.8 min remaining)
[23:54:16] Analyzed 11000/180579 patents (0.4/sec, ~7441.4 min remaining)
[23:54:47] Analyzed 11010/180579 patents (0.4/sec, ~7442.2 min remaining)
[23:55:04] Analyzed 11020/180579 patents (0.4/sec, ~7439.3 min remaining)
[23:56:00] Analyzed 11030/180579 patents (0.4/sec, ~7446.5 min remaining)
[23:57:19] Analyzed 11040/180579 patents (0.4/sec, ~7459.4 min remaining)
[23:58:17] Analyzed 11050/180579 patents (0.4/sec, ~7467.2 min remaining)
[23:58:58] Analyzed 11060/180579 patents (0.4/sec, ~7470.6 min remaining)
[23:59:42] Analyzed 11070/180579 patents (0.4/sec, ~7474.6 min remaining)
[00:00:16] Analyzed 11080/180579 patents (0.4/sec, ~7475.9 min remaining)
[00:00:48] Analyzed 11090/180579 patents (0.4/sec, ~7476.9 min remaining)
[00:01:09] Analyzed 11100/180579 patents (0.4/sec, ~7475.1 min remaining)
[00:01:52] Analyzed 11110/180579 patents (0.4/sec, ~7478.9 min remaining)
[00:02:15] Analyzed 11120/180579 patents (0.4/sec, ~7477.7 min remaining)
[00:02:47] Analyzed 11130/180579 patents (0.4/sec, ~7478.6 min remaining)
[00:03:27] Analyzed 11140/180579 patents (0.4/sec, ~7481.6 min remaining)
[00:04:36] Analyzed 11150/180579 patents (0.4/sec, ~7491.9 min remaining)
[00:04:45] Analyzed 11160/180579 patents (0.4/sec, ~7486.9 min remaining)
[00:05:02] Analyzed 11170/180579 patents (0.4/sec, ~7484.2 min remaining)
[00:05:25] Analyzed 11180/180579 patents (0.4/sec, ~7482.9 min remaining)
[00:05:36] Analyzed 11190/180579 patents (0.4/sec, ~7478.5 min remaining)
[00:05:47] Analyzed 11200/180579 patents (0.4/sec, ~7474.2 min remaining)
[00:06:18] Analyzed 11210/180579 patents (0.4/sec, ~7474.8 min remaining)
[00:06:34] Analyzed 11220/180579 patents (0.4/sec, ~7471.7 min remaining)
[00:07:27] Analyzed 11230/180579 patents (0.4/sec, ~7477.9 min remaining)
[00:08:33] Analyzed 11240/180579 patents (0.4/sec, ~7487.5 min remaining)
[00:08:41] Analyzed 11250/180579 patents (0.4/sec, ~7482.4 min remaining)
[00:08:44] Analyzed 11260/180579 patents (0.4/sec, ~7476.1 min remaining)
[00:08:47] Analyzed 11270/180579 patents (0.4/sec, ~7469.8 min remaining)
[00:08:51] Analyzed 11280/180579 patents (0.4/sec, ~7463.5 min remaining)
[00:08:54] Analyzed 11290/180579 patents (0.4/sec, ~7457.2 min remaining)
[00:09:17] Analyzed 11300/180579 patents (0.4/sec, ~7456.1 min remaining)
[00:09:40] Analyzed 11310/180579 patents (0.4/sec, ~7454.8 min remaining)
[00:10:14] Analyzed 11320/180579 patents (0.4/sec, ~7456.2 min remaining)
[00:10:36] Analyzed 11330/180579 patents (0.4/sec, ~7454.5 min remaining)
[00:10:58] Analyzed 11340/180579 patents (0.4/sec, ~7453.1 min remaining)
[00:11:32] Analyzed 11350/180579 patents (0.4/sec, ~7454.5 min remaining)
[00:11:56] Analyzed 11360/180579 patents (0.4/sec, ~7453.4 min remaining)
[00:12:13] Analyzed 11370/180579 patents (0.4/sec, ~7450.6 min remaining)
[00:12:22] Analyzed 11380/180579 patents (0.4/sec, ~7445.9 min remaining)
[00:12:41] Analyzed 11390/180579 patents (0.4/sec, ~7443.7 min remaining)
[00:12:50] Analyzed 11400/180579 patents (0.4/sec, ~7438.9 min remaining)
[00:12:59] Analyzed 11410/180579 patents (0.4/sec, ~7434.2 min remaining)
[00:13:18] Analyzed 11420/180579 patents (0.4/sec, ~7431.9 min remaining)
[00:14:17] Analyzed 11430/180579 patents (0.4/sec, ~7439.6 min remaining)
[00:15:27] Analyzed 11440/180579 patents (0.4/sec, ~7449.9 min remaining)
[00:15:53] Analyzed 11450/180579 patents (0.4/sec, ~7449.3 min remaining)
[00:16:04] Analyzed 11460/180579 patents (0.4/sec, ~7445.1 min remaining)
[00:16:30] Analyzed 11470/180579 patents (0.4/sec, ~7444.6 min remaining)
[00:16:33] Analyzed 11480/180579 patents (0.4/sec, ~7438.4 min remaining)
[00:17:27] Analyzed 11490/180579 patents (0.4/sec, ~7444.7 min remaining)
[00:18:51] Analyzed 11500/180579 patents (0.4/sec, ~7458.4 min remaining)
[00:20:12] Analyzed 11510/180579 patents (0.4/sec, ~7471.2 min remaining)
[00:20:21] Analyzed 11520/180579 patents (0.4/sec, ~7466.5 min remaining)
[00:20:34] Analyzed 11530/180579 patents (0.4/sec, ~7462.8 min remaining)
[00:20:58] Analyzed 11540/180579 patents (0.4/sec, ~7461.8 min remaining)
[00:21:13] Analyzed 11550/180579 patents (0.4/sec, ~7458.4 min remaining)
[00:21:51] Analyzed 11560/180579 patents (0.4/sec, ~7460.8 min remaining)
[00:22:39] Analyzed 11570/180579 patents (0.4/sec, ~7465.6 min remaining)
[00:22:49] Analyzed 11580/180579 patents (0.4/sec, ~7461.1 min remaining)
[00:22:59] Analyzed 11590/180579 patents (0.4/sec, ~7456.8 min remaining)
[00:23:38] Analyzed 11600/180579 patents (0.4/sec, ~7459.4 min remaining)
[00:23:54] Analyzed 11610/180579 patents (0.4/sec, ~7456.4 min remaining)
[00:23:58] Analyzed 11620/180579 patents (0.4/sec, ~7450.4 min remaining)
[00:24:56] Analyzed 11630/180579 patents (0.4/sec, ~7457.7 min remaining)
[00:25:15] Analyzed 11640/180579 patents (0.4/sec, ~7455.5 min remaining)
[00:25:43] Analyzed 11650/180579 patents (0.4/sec, ~7455.4 min remaining)
[00:26:51] Analyzed 11660/180579 patents (0.4/sec, ~7464.8 min remaining)
[00:28:06] Analyzed 11670/180579 patents (0.4/sec, ~7476.1 min remaining)
[00:28:49] Analyzed 11680/180579 patents (0.4/sec, ~7479.7 min remaining)
[00:29:19] Analyzed 11690/180579 patents (0.4/sec, ~7480.0 min remaining)
[00:29:52] Analyzed 11700/180579 patents (0.4/sec, ~7481.2 min remaining)
[00:30:07] Analyzed 11710/180579 patents (0.4/sec, ~7477.9 min remaining)
[00:30:23] Analyzed 11720/180579 patents (0.4/sec, ~7474.9 min remaining)
[00:30:32] Analyzed 11730/180579 patents (0.4/sec, ~7470.3 min remaining)
[00:31:23] Analyzed 11740/180579 patents (0.4/sec, ~7475.8 min remaining)
[00:31:40] Analyzed 11750/180579 patents (0.4/sec, ~7473.1 min remaining)
[00:31:55] Analyzed 11760/180579 patents (0.4/sec, ~7469.8 min remaining)
[00:32:13] Analyzed 11770/180579 patents (0.4/sec, ~7467.3 min remaining)
[00:32:57] Analyzed 11780/180579 patents (0.4/sec, ~7471.0 min remaining)
[00:33:41] Analyzed 11790/180579 patents (0.4/sec, ~7474.8 min remaining)
[00:33:58] Analyzed 11800/180579 patents (0.4/sec, ~7472.1 min remaining)
[00:34:01] Analyzed 11810/180579 patents (0.4/sec, ~7466.1 min remaining)
[00:34:04] Analyzed 11820/180579 patents (0.4/sec, ~7460.0 min remaining)
[00:34:31] Analyzed 11830/180579 patents (0.4/sec, ~7459.5 min remaining)
[00:34:36] Analyzed 11840/180579 patents (0.4/sec, ~7454.0 min remaining)
[00:34:39] Analyzed 11850/180579 patents (0.4/sec, ~7448.1 min remaining)
[00:34:51] Analyzed 11860/180579 patents (0.4/sec, ~7444.2 min remaining)
[00:35:01] Analyzed 11870/180579 patents (0.4/sec, ~7439.7 min remaining)
[00:35:25] Analyzed 11880/180579 patents (0.4/sec, ~7438.7 min remaining)
[00:35:28] Analyzed 11890/180579 patents (0.4/sec, ~7432.8 min remaining)
[00:35:31] Analyzed 11900/180579 patents (0.4/sec, ~7426.8 min remaining)
[00:35:34] Analyzed 11910/180579 patents (0.4/sec, ~7420.9 min remaining)
[00:35:47] Analyzed 11920/180579 patents (0.4/sec, ~7417.3 min remaining)
[00:36:02] Analyzed 11930/180579 patents (0.4/sec, ~7414.2 min remaining)
[00:36:24] Analyzed 11940/180579 patents (0.4/sec, ~7412.6 min remaining)
[00:36:52] Analyzed 11950/180579 patents (0.4/sec, ~7412.5 min remaining)
[00:37:07] Analyzed 11960/180579 patents (0.4/sec, ~7409.5 min remaining)
[00:37:22] Analyzed 11970/180579 patents (0.4/sec, ~7406.3 min remaining)
[00:37:39] Analyzed 11980/180579 patents (0.4/sec, ~7403.7 min remaining)
[00:37:46] Analyzed 11990/180579 patents (0.4/sec, ~7398.7 min remaining)
[00:37:57] Analyzed 12000/180579 patents (0.4/sec, ~7394.8 min remaining)
[00:38:00] Analyzed 12010/180579 patents (0.4/sec, ~7388.9 min remaining)
[00:38:17] Analyzed 12020/180579 patents (0.4/sec, ~7386.2 min remaining)
[00:38:59] Analyzed 12030/180579 patents (0.4/sec, ~7389.5 min remaining)
[00:39:58] Analyzed 12040/180579 patents (0.4/sec, ~7396.8 min remaining)
[00:40:31] Analyzed 12050/180579 patents (0.4/sec, ~7397.7 min remaining)
[00:40:40] Analyzed 12060/180579 patents (0.4/sec, ~7393.3 min remaining)
[00:41:32] Analyzed 12070/180579 patents (0.4/sec, ~7398.8 min remaining)
[00:42:27] Analyzed 12080/180579 patents (0.4/sec, ~7405.0 min remaining)
[00:43:29] Analyzed 12090/180579 patents (0.4/sec, ~7412.9 min remaining)
[00:43:38] Analyzed 12100/180579 patents (0.4/sec, ~7408.5 min remaining)
[00:43:42] Analyzed 12110/180579 patents (0.4/sec, ~7402.7 min remaining)
[00:43:51] Analyzed 12120/180579 patents (0.4/sec, ~7398.3 min remaining)
[00:44:13] Analyzed 12130/180579 patents (0.4/sec, ~7396.8 min remaining)
[00:44:16] Analyzed 12140/180579 patents (0.4/sec, ~7391.0 min remaining)
[00:44:56] Analyzed 12150/180579 patents (0.4/sec, ~7393.8 min remaining)
[00:45:26] Analyzed 12160/180579 patents (0.4/sec, ~7394.2 min remaining)
[00:46:10] Analyzed 12170/180579 patents (0.4/sec, ~7397.7 min remaining)
[00:46:16] Analyzed 12180/180579 patents (0.4/sec, ~7392.7 min remaining)
[00:46:39] Analyzed 12190/180579 patents (0.4/sec, ~7391.5 min remaining)
[00:46:42] Analyzed 12200/180579 patents (0.4/sec, ~7385.7 min remaining)
[00:46:56] Analyzed 12210/180579 patents (0.4/sec, ~7382.3 min remaining)
[00:48:27] Analyzed 12220/180579 patents (0.4/sec, ~7396.8 min remaining)
[00:49:10] Analyzed 12230/180579 patents (0.4/sec, ~7400.1 min remaining)
[00:49:44] Analyzed 12240/180579 patents (0.4/sec, ~7401.5 min remaining)
[00:50:37] Analyzed 12250/180579 patents (0.4/sec, ~7407.1 min remaining)
[00:51:13] Analyzed 12260/180579 patents (0.4/sec, ~7408.8 min remaining)
[00:51:51] Analyzed 12270/180579 patents (0.4/sec, ~7411.0 min remaining)
[00:52:25] Analyzed 12280/180579 patents (0.4/sec, ~7412.4 min remaining)
[00:52:28] Analyzed 12290/180579 patents (0.4/sec, ~7406.7 min remaining)
[00:52:36] Analyzed 12300/180579 patents (0.4/sec, ~7401.9 min remaining)
[00:53:12] Analyzed 12310/180579 patents (0.4/sec, ~7403.8 min remaining)
[00:53:15] Analyzed 12320/180579 patents (0.4/sec, ~7398.1 min remaining)
[00:53:37] Analyzed 12330/180579 patents (0.4/sec, ~7396.5 min remaining)
[00:53:58] Analyzed 12340/180579 patents (0.4/sec, ~7394.9 min remaining)
[00:54:24] Analyzed 12350/180579 patents (0.4/sec, ~7394.4 min remaining)
[00:55:01] Analyzed 12360/180579 patents (0.4/sec, ~7396.4 min remaining)
[00:55:39] Analyzed 12370/180579 patents (0.4/sec, ~7398.6 min remaining)
[00:56:28] Analyzed 12380/180579 patents (0.4/sec, ~7403.2 min remaining)
[00:57:05] Analyzed 12390/180579 patents (0.4/sec, ~7405.2 min remaining)
[00:57:20] Analyzed 12400/180579 patents (0.4/sec, ~7402.2 min remaining)
[00:57:33] Analyzed 12410/180579 patents (0.4/sec, ~7398.6 min remaining)
[00:57:48] Analyzed 12420/180579 patents (0.4/sec, ~7395.7 min remaining)
[00:57:51] Analyzed 12430/180579 patents (0.4/sec, ~7390.0 min remaining)
[00:58:02] Analyzed 12440/180579 patents (0.4/sec, ~7385.9 min remaining)
[00:58:19] Analyzed 12450/180579 patents (0.4/sec, ~7383.5 min remaining)
[00:58:42] Analyzed 12460/180579 patents (0.4/sec, ~7382.2 min remaining)
[00:59:06] Analyzed 12470/180579 patents (0.4/sec, ~7381.4 min remaining)
[01:00:05] Analyzed 12480/180579 patents (0.4/sec, ~7388.2 min remaining)
[01:00:12] Analyzed 12490/180579 patents (0.4/sec, ~7383.5 min remaining)
[01:00:31] Analyzed 12500/180579 patents (0.4/sec, ~7381.3 min remaining)
[01:00:40] Analyzed 12510/180579 patents (0.4/sec, ~7377.1 min remaining)
[01:00:44] Analyzed 12520/180579 patents (0.4/sec, ~7371.5 min remaining)
[01:00:47] Analyzed 12530/180579 patents (0.4/sec, ~7365.9 min remaining)
[01:00:58] Analyzed 12540/180579 patents (0.4/sec, ~7362.0 min remaining)
[01:01:01] Analyzed 12550/180579 patents (0.4/sec, ~7356.4 min remaining)
[01:01:04] Analyzed 12560/180579 patents (0.4/sec, ~7350.8 min remaining)
[01:01:42] Analyzed 12570/180579 patents (0.4/sec, ~7353.0 min remaining)
[01:01:56] Analyzed 12580/180579 patents (0.4/sec, ~7349.9 min remaining)
[01:02:21] Analyzed 12590/180579 patents (0.4/sec, ~7349.0 min remaining)
[01:02:39] Analyzed 12600/180579 patents (0.4/sec, ~7346.9 min remaining)
[01:02:56] Analyzed 12610/180579 patents (0.4/sec, ~7344.3 min remaining)
[01:03:13] Analyzed 12620/180579 patents (0.4/sec, ~7341.8 min remaining)
[01:03:55] Analyzed 12630/180579 patents (0.4/sec, ~7345.0 min remaining)
[01:03:58] Analyzed 12640/180579 patents (0.4/sec, ~7339.4 min remaining)
[01:04:02] Analyzed 12650/180579 patents (0.4/sec, ~7333.9 min remaining)
[01:04:20] Analyzed 12660/180579 patents (0.4/sec, ~7331.8 min remaining)
[01:05:12] Analyzed 12670/180579 patents (0.4/sec, ~7337.0 min remaining)
[01:06:15] Analyzed 12680/180579 patents (0.4/sec, ~7344.6 min remaining)
[01:06:59] Analyzed 12690/180579 patents (0.4/sec, ~7348.2 min remaining)
[01:07:30] Analyzed 12700/180579 patents (0.4/sec, ~7348.7 min remaining)
[01:08:28] Analyzed 12710/180579 patents (0.4/sec, ~7355.3 min remaining)
[01:08:33] Analyzed 12720/180579 patents (0.4/sec, ~7350.3 min remaining)
[01:09:23] Analyzed 12730/180579 patents (0.4/sec, ~7355.0 min remaining)
[01:10:24] Analyzed 12740/180579 patents (0.4/sec, ~7362.1 min remaining)
[01:10:56] Analyzed 12750/180579 patents (0.4/sec, ~7362.9 min remaining)
[01:10:58] Analyzed 12760/180579 patents (0.4/sec, ~7357.3 min remaining)
[01:11:24] Analyzed 12770/180579 patents (0.4/sec, ~7356.8 min remaining)
[01:11:40] Analyzed 12780/180579 patents (0.4/sec, ~7354.1 min remaining)
[01:12:26] Analyzed 12790/180579 patents (0.4/sec, ~7357.9 min remaining)
[01:12:42] Analyzed 12800/180579 patents (0.4/sec, ~7355.1 min remaining)
[01:13:05] Analyzed 12810/180579 patents (0.4/sec, ~7354.0 min remaining)
[01:13:08] Analyzed 12820/180579 patents (0.4/sec, ~7348.5 min remaining)
[01:13:16] Analyzed 12830/180579 patents (0.4/sec, ~7344.1 min remaining)
[01:14:06] Analyzed 12840/180579 patents (0.4/sec, ~7348.7 min remaining)
[01:15:01] Analyzed 12850/180579 patents (0.4/sec, ~7354.5 min remaining)
[01:15:47] Analyzed 12860/180579 patents (0.4/sec, ~7358.4 min remaining)
[01:16:43] Analyzed 12870/180579 patents (0.4/sec, ~7364.4 min remaining)
[01:17:24] Analyzed 12880/180579 patents (0.4/sec, ~7367.2 min remaining)
[01:18:47] Analyzed 12890/180579 patents (0.4/sec, ~7379.0 min remaining)
[01:19:04] Analyzed 12900/180579 patents (0.4/sec, ~7376.6 min remaining)
[01:19:08] Analyzed 12910/180579 patents (0.4/sec, ~7371.2 min remaining)
[01:19:54] Analyzed 12920/180579 patents (0.4/sec, ~7375.1 min remaining)
[01:20:49] Analyzed 12930/180579 patents (0.4/sec, ~7380.8 min remaining)
[01:21:23] Analyzed 12940/180579 patents (0.4/sec, ~7382.1 min remaining)
[01:22:02] Analyzed 12950/180579 patents (0.4/sec, ~7384.3 min remaining)
[01:22:50] Analyzed 12960/180579 patents (0.4/sec, ~7388.5 min remaining)
[01:23:17] Analyzed 12970/180579 patents (0.4/sec, ~7388.3 min remaining)
[01:23:25] Analyzed 12980/180579 patents (0.4/sec, ~7383.8 min remaining)
[01:23:28] Analyzed 12990/180579 patents (0.4/sec, ~7378.4 min remaining)
[01:23:37] Analyzed 13000/180579 patents (0.4/sec, ~7374.0 min remaining)
[01:23:58] Analyzed 13010/180579 patents (0.4/sec, ~7372.6 min remaining)
[01:24:17] Analyzed 13020/180579 patents (0.4/sec, ~7370.5 min remaining)
[01:25:12] Analyzed 13030/180579 patents (0.4/sec, ~7376.1 min remaining)
[01:25:30] Analyzed 13040/180579 patents (0.4/sec, ~7374.0 min remaining)
[01:25:39] Analyzed 13050/180579 patents (0.4/sec, ~7369.8 min remaining)
[01:25:48] Analyzed 13060/180579 patents (0.4/sec, ~7365.7 min remaining)
[01:25:52] Analyzed 13070/180579 patents (0.4/sec, ~7360.3 min remaining)
[01:26:05] Analyzed 13080/180579 patents (0.4/sec, ~7357.1 min remaining)
[01:26:20] Analyzed 13090/180579 patents (0.4/sec, ~7354.3 min remaining)
[01:26:36] Analyzed 13100/180579 patents (0.4/sec, ~7351.7 min remaining)
[01:26:59] Analyzed 13110/180579 patents (0.4/sec, ~7350.4 min remaining)
[01:27:02] Analyzed 13120/180579 patents (0.4/sec, ~7345.0 min remaining)
[01:27:13] Analyzed 13130/180579 patents (0.4/sec, ~7341.3 min remaining)
[01:27:30] Analyzed 13140/180579 patents (0.4/sec, ~7339.0 min remaining)
[01:28:38] Analyzed 13150/180579 patents (0.4/sec, ~7347.3 min remaining)
[01:29:08] Analyzed 13160/180579 patents (0.4/sec, ~7347.6 min remaining)
[01:29:29] Analyzed 13170/180579 patents (0.4/sec, ~7346.1 min remaining)
[01:30:17] Analyzed 13180/180579 patents (0.4/sec, ~7350.3 min remaining)
[01:31:36] Analyzed 13190/180579 patents (0.4/sec, ~7360.9 min remaining)
[01:31:39] Analyzed 13200/180579 patents (0.4/sec, ~7355.5 min remaining)
[01:31:59] Analyzed 13210/180579 patents (0.4/sec, ~7353.9 min remaining)
[01:32:08] Analyzed 13220/180579 patents (0.4/sec, ~7349.8 min remaining)
[01:32:49] Analyzed 13230/180579 patents (0.4/sec, ~7352.3 min remaining)
[01:33:37] Analyzed 13240/180579 patents (0.4/sec, ~7356.4 min remaining)
[01:33:48] Analyzed 13250/180579 patents (0.4/sec, ~7352.7 min remaining)
[01:34:03] Analyzed 13260/180579 patents (0.4/sec, ~7350.0 min remaining)
[01:34:35] Analyzed 13270/180579 patents (0.4/sec, ~7350.6 min remaining)
[01:34:48] Analyzed 13280/180579 patents (0.4/sec, ~7347.4 min remaining)
[01:35:01] Analyzed 13290/180579 patents (0.4/sec, ~7344.2 min remaining)
[01:35:12] Analyzed 13300/180579 patents (0.4/sec, ~7340.7 min remaining)
[01:36:32] Analyzed 13310/180579 patents (0.4/sec, ~7351.3 min remaining)
[01:36:50] Analyzed 13320/180579 patents (0.4/sec, ~7349.2 min remaining)
[01:37:21] Analyzed 13330/180579 patents (0.4/sec, ~7349.8 min remaining)
[01:37:51] Analyzed 13340/180579 patents (0.4/sec, ~7350.0 min remaining)
[01:38:37] Analyzed 13350/180579 patents (0.4/sec, ~7353.8 min remaining)
[01:38:59] Analyzed 13360/180579 patents (0.4/sec, ~7352.3 min remaining)
[01:39:23] Analyzed 13370/180579 patents (0.4/sec, ~7351.4 min remaining)
[01:39:42] Analyzed 13380/180579 patents (0.4/sec, ~7349.5 min remaining)
[01:40:13] Analyzed 13390/180579 patents (0.4/sec, ~7349.9 min remaining)
[01:40:50] Analyzed 13400/180579 patents (0.4/sec, ~7351.6 min remaining)
[01:41:27] Analyzed 13410/180579 patents (0.4/sec, ~7353.6 min remaining)
[01:41:42] Analyzed 13420/180579 patents (0.4/sec, ~7350.8 min remaining)
[01:42:48] Analyzed 13430/180579 patents (0.4/sec, ~7358.4 min remaining)
[01:43:09] Analyzed 13440/180579 patents (0.4/sec, ~7356.8 min remaining)
[01:43:34] Analyzed 13450/180579 patents (0.4/sec, ~7356.1 min remaining)
[01:43:43] Analyzed 13460/180579 patents (0.4/sec, ~7352.1 min remaining)
[01:43:56] Analyzed 13470/180579 patents (0.4/sec, ~7348.8 min remaining)
[01:44:12] Analyzed 13480/180579 patents (0.4/sec, ~7346.3 min remaining)
[01:44:24] Analyzed 13490/180579 patents (0.4/sec, ~7343.0 min remaining)
[01:44:31] Analyzed 13500/180579 patents (0.4/sec, ~7338.5 min remaining)
[01:44:50] Analyzed 13510/180579 patents (0.4/sec, ~7336.6 min remaining)
[01:44:58] Analyzed 13520/180579 patents (0.4/sec, ~7332.3 min remaining)
[01:45:14] Analyzed 13530/180579 patents (0.4/sec, ~7329.7 min remaining)
[01:45:22] Analyzed 13540/180579 patents (0.4/sec, ~7325.5 min remaining)
[01:46:19] Analyzed 13550/180579 patents (0.4/sec, ~7331.4 min remaining)
[01:46:47] Analyzed 13560/180579 patents (0.4/sec, ~7331.3 min remaining)
[01:46:50] Analyzed 13570/180579 patents (0.4/sec, ~7326.1 min remaining)
[01:46:53] Analyzed 13580/180579 patents (0.4/sec, ~7320.9 min remaining)
[01:47:03] Analyzed 13590/180579 patents (0.4/sec, ~7317.1 min remaining)
[01:47:12] Analyzed 13600/180579 patents (0.4/sec, ~7313.1 min remaining)
[01:47:36] Analyzed 13610/180579 patents (0.4/sec, ~7312.1 min remaining)
[01:48:01] Analyzed 13620/180579 patents (0.4/sec, ~7311.5 min remaining)
[01:48:37] Analyzed 13630/180579 patents (0.4/sec, ~7313.1 min remaining)
[01:48:55] Analyzed 13640/180579 patents (0.4/sec, ~7310.8 min remaining)
[01:49:02] Analyzed 13650/180579 patents (0.4/sec, ~7306.5 min remaining)
[01:49:24] Analyzed 13660/180579 patents (0.4/sec, ~7305.3 min remaining)
[01:49:38] Analyzed 13670/180579 patents (0.4/sec, ~7302.3 min remaining)
[01:49:51] Analyzed 13680/180579 patents (0.4/sec, ~7299.3 min remaining)
[01:49:55] Analyzed 13690/180579 patents (0.4/sec, ~7294.1 min remaining)
[01:50:15] Analyzed 13700/180579 patents (0.4/sec, ~7292.5 min remaining)
[01:50:47] Analyzed 13710/180579 patents (0.4/sec, ~7293.3 min remaining)
[01:51:12] Analyzed 13720/180579 patents (0.4/sec, ~7292.6 min remaining)
[01:51:51] Analyzed 13730/180579 patents (0.4/sec, ~7294.6 min remaining)
[01:52:27] Analyzed 13740/180579 patents (0.4/sec, ~7296.3 min remaining)
[01:53:30] Analyzed 13750/180579 patents (0.4/sec, ~7303.3 min remaining)
[01:53:42] Analyzed 13760/180579 patents (0.4/sec, ~7299.9 min remaining)
[01:53:44] Analyzed 13770/180579 patents (0.4/sec, ~7294.7 min remaining)
[01:53:54] Analyzed 13780/180579 patents (0.4/sec, ~7290.8 min remaining)
[01:54:22] Analyzed 13790/180579 patents (0.4/sec, ~7290.7 min remaining)
[01:54:25] Analyzed 13800/180579 patents (0.4/sec, ~7285.6 min remaining)
[01:54:56] Analyzed 13810/180579 patents (0.4/sec, ~7286.2 min remaining)
[01:55:57] Analyzed 13820/180579 patents (0.4/sec, ~7292.8 min remaining)
[01:56:00] Analyzed 13830/180579 patents (0.4/sec, ~7287.7 min remaining)
[01:56:15] Analyzed 13840/180579 patents (0.4/sec, ~7285.0 min remaining)
[01:56:18] Analyzed 13850/180579 patents (0.4/sec, ~7280.0 min remaining)
[01:56:53] Analyzed 13860/180579 patents (0.4/sec, ~7281.1 min remaining)
[01:56:56] Analyzed 13870/180579 patents (0.4/sec, ~7276.1 min remaining)
[01:57:35] Analyzed 13880/180579 patents (0.4/sec, ~7278.2 min remaining)
[01:58:51] Analyzed 13890/180579 patents (0.4/sec, ~7287.8 min remaining)
[01:59:32] Analyzed 13900/180579 patents (0.4/sec, ~7290.3 min remaining)
[01:59:51] Analyzed 13910/180579 patents (0.4/sec, ~7288.5 min remaining)
[02:00:13] Analyzed 13920/180579 patents (0.4/sec, ~7287.2 min remaining)
[02:00:33] Analyzed 13930/180579 patents (0.4/sec, ~7285.4 min remaining)
[02:01:11] Analyzed 13940/180579 patents (0.4/sec, ~7287.3 min remaining)
[02:01:44] Analyzed 13950/180579 patents (0.4/sec, ~7288.3 min remaining)
[02:02:27] Analyzed 13960/180579 patents (0.4/sec, ~7291.1 min remaining)
[02:03:32] Analyzed 13970/180579 patents (0.4/sec, ~7298.4 min remaining)
[02:04:45] Analyzed 13980/180579 patents (0.4/sec, ~7307.3 min remaining)
[02:05:05] Analyzed 13990/180579 patents (0.4/sec, ~7305.6 min remaining)
[02:05:11] Analyzed 14000/180579 patents (0.4/sec, ~7301.0 min remaining)
[02:05:26] Analyzed 14010/180579 patents (0.4/sec, ~7298.3 min remaining)
[02:05:56] Analyzed 14020/180579 patents (0.4/sec, ~7298.8 min remaining)
[02:06:05] Analyzed 14030/180579 patents (0.4/sec, ~7294.8 min remaining)
[02:06:23] Analyzed 14040/180579 patents (0.4/sec, ~7292.9 min remaining)
[02:06:53] Analyzed 14050/180579 patents (0.4/sec, ~7293.1 min remaining)
[02:07:11] Analyzed 14060/180579 patents (0.4/sec, ~7291.1 min remaining)
[02:07:34] Analyzed 14070/180579 patents (0.4/sec, ~7289.8 min remaining)
[02:07:37] Analyzed 14080/180579 patents (0.4/sec, ~7284.8 min remaining)
[02:07:58] Analyzed 14090/180579 patents (0.4/sec, ~7283.5 min remaining)
[02:08:02] Analyzed 14100/180579 patents (0.4/sec, ~7278.5 min remaining)
[02:08:12] Analyzed 14110/180579 patents (0.4/sec, ~7274.9 min remaining)
[02:08:15] Analyzed 14120/180579 patents (0.4/sec, ~7269.9 min remaining)
[02:08:42] Analyzed 14130/180579 patents (0.4/sec, ~7269.7 min remaining)
[02:09:02] Analyzed 14140/180579 patents (0.4/sec, ~7268.1 min remaining)
[02:09:34] Analyzed 14150/180579 patents (0.4/sec, ~7268.7 min remaining)
[02:09:53] Analyzed 14160/180579 patents (0.4/sec, ~7266.9 min remaining)
[02:10:07] Analyzed 14170/180579 patents (0.4/sec, ~7264.0 min remaining)
[02:10:15] Analyzed 14180/180579 patents (0.4/sec, ~7260.1 min remaining)
[02:10:18] Analyzed 14190/180579 patents (0.4/sec, ~7255.1 min remaining)
[02:10:26] Analyzed 14200/180579 patents (0.4/sec, ~7251.2 min remaining)
[02:10:40] Analyzed 14210/180579 patents (0.4/sec, ~7248.3 min remaining)
[02:11:04] Analyzed 14220/180579 patents (0.4/sec, ~7247.5 min remaining)
[02:12:15] Analyzed 14230/180579 patents (0.4/sec, ~7255.8 min remaining)
[02:12:52] Analyzed 14240/180579 patents (0.4/sec, ~7257.5 min remaining)
[02:13:02] Analyzed 14250/180579 patents (0.4/sec, ~7253.9 min remaining)
[02:13:47] Analyzed 14260/180579 patents (0.4/sec, ~7257.1 min remaining)
[02:14:49] Analyzed 14270/180579 patents (0.4/sec, ~7263.7 min remaining)
[02:15:47] Analyzed 14280/180579 patents (0.4/sec, ~7269.3 min remaining)
[02:15:50] Analyzed 14290/180579 patents (0.4/sec, ~7264.4 min remaining)
[02:16:10] Analyzed 14300/180579 patents (0.4/sec, ~7262.7 min remaining)
[02:16:29] Analyzed 14310/180579 patents (0.4/sec, ~7260.9 min remaining)
[02:17:04] Analyzed 14320/180579 patents (0.4/sec, ~7262.2 min remaining)
[02:17:32] Analyzed 14330/180579 patents (0.4/sec, ~7262.2 min remaining)
[02:17:45] Analyzed 14340/180579 patents (0.4/sec, ~7259.2 min remaining)
[02:17:59] Analyzed 14350/180579 patents (0.4/sec, ~7256.4 min remaining)
[02:18:11] Analyzed 14360/180579 patents (0.4/sec, ~7253.1 min remaining)
[02:18:43] Analyzed 14370/180579 patents (0.4/sec, ~7253.9 min remaining)
[02:19:30] Analyzed 14380/180579 patents (0.4/sec, ~7257.4 min remaining)
[02:19:49] Analyzed 14390/180579 patents (0.4/sec, ~7255.6 min remaining)
[02:20:08] Analyzed 14400/180579 patents (0.4/sec, ~7253.9 min remaining)
[02:20:30] Analyzed 14410/180579 patents (0.4/sec, ~7252.5 min remaining)
[02:21:34] Analyzed 14420/180579 patents (0.4/sec, ~7259.4 min remaining)
[02:22:33] Analyzed 14430/180579 patents (0.4/sec, ~7265.2 min remaining)
[02:23:19] Analyzed 14440/180579 patents (0.4/sec, ~7268.5 min remaining)
[02:23:30] Analyzed 14450/180579 patents (0.4/sec, ~7265.3 min remaining)
[02:24:11] Analyzed 14460/180579 patents (0.4/sec, ~7267.5 min remaining)
[02:24:44] Analyzed 14470/180579 patents (0.4/sec, ~7268.4 min remaining)
[02:25:37] Analyzed 14480/180579 patents (0.4/sec, ~7273.2 min remaining)
[02:26:05] Analyzed 14490/180579 patents (0.4/sec, ~7273.1 min remaining)
[02:26:08] Analyzed 14500/180579 patents (0.4/sec, ~7268.2 min remaining)
[02:26:42] Analyzed 14510/180579 patents (0.4/sec, ~7269.2 min remaining)
[02:27:01] Analyzed 14520/180579 patents (0.4/sec, ~7267.3 min remaining)
[02:27:57] Analyzed 14530/180579 patents (0.4/sec, ~7272.6 min remaining)
[02:28:29] Analyzed 14540/180579 patents (0.4/sec, ~7273.2 min remaining)
[02:28:47] Analyzed 14550/180579 patents (0.4/sec, ~7271.3 min remaining)
[02:28:57] Analyzed 14560/180579 patents (0.4/sec, ~7267.6 min remaining)
[02:29:19] Analyzed 14570/180579 patents (0.4/sec, ~7266.4 min remaining)
[02:29:26] Analyzed 14580/180579 patents (0.4/sec, ~7262.3 min remaining)
[02:29:47] Analyzed 14590/180579 patents (0.4/sec, ~7260.9 min remaining)
[02:29:58] Analyzed 14600/180579 patents (0.4/sec, ~7257.6 min remaining)
[02:30:07] Analyzed 14610/180579 patents (0.4/sec, ~7254.0 min remaining)
[02:30:56] Analyzed 14620/180579 patents (0.4/sec, ~7257.7 min remaining)
[02:31:21] Analyzed 14630/180579 patents (0.4/sec, ~7257.1 min remaining)
[02:31:44] Analyzed 14640/180579 patents (0.4/sec, ~7256.1 min remaining)
[02:31:53] Analyzed 14650/180579 patents (0.4/sec, ~7252.4 min remaining)
[02:32:00] Analyzed 14660/180579 patents (0.4/sec, ~7248.3 min remaining)
[02:32:16] Analyzed 14670/180579 patents (0.4/sec, ~7246.0 min remaining)
[02:32:41] Analyzed 14680/180579 patents (0.4/sec, ~7245.3 min remaining)
[02:33:19] Analyzed 14690/180579 patents (0.4/sec, ~7247.0 min remaining)
[02:33:39] Analyzed 14700/180579 patents (0.4/sec, ~7245.5 min remaining)
[02:33:57] Analyzed 14710/180579 patents (0.4/sec, ~7243.5 min remaining)
[02:34:44] Analyzed 14720/180579 patents (0.4/sec, ~7246.9 min remaining)
[02:35:01] Analyzed 14730/180579 patents (0.4/sec, ~7244.7 min remaining)
[02:35:04] Analyzed 14740/180579 patents (0.4/sec, ~7239.9 min remaining)
[02:35:46] Analyzed 14750/180579 patents (0.4/sec, ~7242.5 min remaining)
[02:36:32] Analyzed 14760/180579 patents (0.4/sec, ~7245.7 min remaining)
[02:36:35] Analyzed 14770/180579 patents (0.4/sec, ~7241.0 min remaining)
[02:36:50] Analyzed 14780/180579 patents (0.4/sec, ~7238.4 min remaining)
[02:37:39] Analyzed 14790/180579 patents (0.4/sec, ~7242.4 min remaining)
[02:38:19] Analyzed 14800/180579 patents (0.4/sec, ~7244.5 min remaining)
[02:38:29] Analyzed 14810/180579 patents (0.4/sec, ~7241.0 min remaining)
[02:38:57] Analyzed 14820/180579 patents (0.4/sec, ~7240.8 min remaining)
[02:39:44] Analyzed 14830/180579 patents (0.4/sec, ~7244.3 min remaining)
[02:40:53] Analyzed 14840/180579 patents (0.4/sec, ~7251.9 min remaining)
[02:41:25] Analyzed 14850/180579 patents (0.4/sec, ~7252.4 min remaining)
[02:41:27] Analyzed 14860/180579 patents (0.4/sec, ~7247.6 min remaining)
[02:41:40] Analyzed 14870/180579 patents (0.4/sec, ~7244.6 min remaining)
[02:41:55] Analyzed 14880/180579 patents (0.4/sec, ~7242.0 min remaining)
[02:42:29] Analyzed 14890/180579 patents (0.4/sec, ~7243.1 min remaining)
[02:43:01] Analyzed 14900/180579 patents (0.4/sec, ~7243.8 min remaining)
[02:43:24] Analyzed 14910/180579 patents (0.4/sec, ~7242.6 min remaining)
[02:43:41] Analyzed 14920/180579 patents (0.4/sec, ~7240.5 min remaining)
[02:43:44] Analyzed 14930/180579 patents (0.4/sec, ~7235.8 min remaining)
[02:44:27] Analyzed 14940/180579 patents (0.4/sec, ~7238.5 min remaining)
[02:45:17] Analyzed 14950/180579 patents (0.4/sec, ~7242.5 min remaining)
[02:45:40] Analyzed 14960/180579 patents (0.4/sec, ~7241.4 min remaining)
[02:46:26] Analyzed 14970/180579 patents (0.4/sec, ~7244.6 min remaining)
[02:47:45] Analyzed 14980/180579 patents (0.4/sec, ~7253.8 min remaining)
[02:48:50] Analyzed 14990/180579 patents (0.4/sec, ~7260.6 min remaining)
[02:49:13] Analyzed 15000/180579 patents (0.4/sec, ~7259.5 min remaining)
[02:49:38] Analyzed 15010/180579 patents (0.4/sec, ~7258.9 min remaining)
[02:50:06] Analyzed 15020/180579 patents (0.4/sec, ~7258.6 min remaining)
[02:50:21] Analyzed 15030/180579 patents (0.4/sec, ~7256.2 min remaining)
[02:50:46] Analyzed 15040/180579 patents (0.4/sec, ~7255.5 min remaining)
[02:51:00] Analyzed 15050/180579 patents (0.4/sec, ~7252.8 min remaining)
[02:51:08] Analyzed 15060/180579 patents (0.4/sec, ~7249.0 min remaining)
[02:51:38] Analyzed 15070/180579 patents (0.4/sec, ~7249.3 min remaining)
[02:52:04] Analyzed 15080/180579 patents (0.4/sec, ~7248.7 min remaining)
[02:52:51] Analyzed 15090/180579 patents (0.4/sec, ~7252.1 min remaining)
[02:53:25] Analyzed 15100/180579 patents (0.4/sec, ~7253.1 min remaining)
[02:54:00] Analyzed 15110/180579 patents (0.4/sec, ~7254.2 min remaining)
[02:54:03] Analyzed 15120/180579 patents (0.4/sec, ~7249.5 min remaining)
[02:54:06] Analyzed 15130/180579 patents (0.4/sec, ~7244.9 min remaining)
[02:54:13] Analyzed 15140/180579 patents (0.4/sec, ~7240.9 min remaining)
[02:54:27] Analyzed 15150/180579 patents (0.4/sec, ~7238.3 min remaining)
[02:54:37] Analyzed 15160/180579 patents (0.4/sec, ~7234.8 min remaining)
[02:54:47] Analyzed 15170/180579 patents (0.4/sec, ~7231.5 min remaining)
[02:55:11] Analyzed 15180/180579 patents (0.4/sec, ~7230.7 min remaining)
[02:55:55] Analyzed 15190/180579 patents (0.4/sec, ~7233.5 min remaining)
[02:56:08] Analyzed 15200/180579 patents (0.4/sec, ~7230.7 min remaining)
[02:56:16] Analyzed 15210/180579 patents (0.4/sec, ~7226.8 min remaining)
[02:56:19] Analyzed 15220/180579 patents (0.4/sec, ~7222.2 min remaining)
[02:56:22] Analyzed 15230/180579 patents (0.4/sec, ~7217.5 min remaining)
[02:56:40] Analyzed 15240/180579 patents (0.4/sec, ~7215.6 min remaining)
[02:57:12] Analyzed 15250/180579 patents (0.4/sec, ~7216.2 min remaining)
[02:57:23] Analyzed 15260/180579 patents (0.4/sec, ~7213.1 min remaining)
[02:57:56] Analyzed 15270/180579 patents (0.4/sec, ~7213.9 min remaining)
[02:58:20] Analyzed 15280/180579 patents (0.4/sec, ~7213.0 min remaining)
[02:58:38] Analyzed 15290/180579 patents (0.4/sec, ~7211.2 min remaining)
[02:59:21] Analyzed 15300/180579 patents (0.4/sec, ~7213.8 min remaining)
[02:59:43] Analyzed 15310/180579 patents (0.4/sec, ~7212.5 min remaining)
[02:59:46] Analyzed 15320/180579 patents (0.4/sec, ~7208.0 min remaining)
[02:59:49] Analyzed 15330/180579 patents (0.4/sec, ~7203.4 min remaining)
[03:00:13] Analyzed 15340/180579 patents (0.4/sec, ~7202.6 min remaining)
[03:00:32] Analyzed 15350/180579 patents (0.4/sec, ~7200.8 min remaining)
[03:00:57] Analyzed 15360/180579 patents (0.4/sec, ~7200.2 min remaining)
[03:01:48] Analyzed 15370/180579 patents (0.4/sec, ~7204.1 min remaining)
[03:02:52] Analyzed 15380/180579 patents (0.4/sec, ~7210.6 min remaining)
[03:04:21] Analyzed 15390/180579 patents (0.4/sec, ~7221.2 min remaining)
[03:04:26] Analyzed 15400/180579 patents (0.4/sec, ~7217.1 min remaining)
[03:04:29] Analyzed 15410/180579 patents (0.4/sec, ~7212.6 min remaining)
[03:04:37] Analyzed 15420/180579 patents (0.4/sec, ~7208.9 min remaining)
[03:04:52] Analyzed 15430/180579 patents (0.4/sec, ~7206.4 min remaining)
[03:05:20] Analyzed 15440/180579 patents (0.4/sec, ~7206.3 min remaining)
[03:05:50] Analyzed 15450/180579 patents (0.4/sec, ~7206.6 min remaining)
[03:06:30] Analyzed 15460/180579 patents (0.4/sec, ~7208.6 min remaining)
[03:06:46] Analyzed 15470/180579 patents (0.4/sec, ~7206.4 min remaining)
[03:07:14] Analyzed 15480/180579 patents (0.4/sec, ~7206.1 min remaining)
[03:07:27] Analyzed 15490/180579 patents (0.4/sec, ~7203.4 min remaining)
[03:08:35] Analyzed 15500/180579 patents (0.4/sec, ~7210.4 min remaining)
[03:09:05] Analyzed 15510/180579 patents (0.4/sec, ~7210.6 min remaining)
[03:09:32] Analyzed 15520/180579 patents (0.4/sec, ~7210.3 min remaining)
[03:10:32] Analyzed 15530/180579 patents (0.4/sec, ~7215.9 min remaining)
[03:11:10] Analyzed 15540/180579 patents (0.4/sec, ~7217.6 min remaining)
[03:11:30] Analyzed 15550/180579 patents (0.4/sec, ~7216.0 min remaining)
[03:12:33] Analyzed 15560/180579 patents (0.4/sec, ~7222.0 min remaining)
[03:12:50] Analyzed 15570/180579 patents (0.4/sec, ~7220.0 min remaining)
[03:13:21] Analyzed 15580/180579 patents (0.4/sec, ~7220.5 min remaining)
[03:13:34] Analyzed 15590/180579 patents (0.4/sec, ~7217.6 min remaining)
[03:13:57] Analyzed 15600/180579 patents (0.4/sec, ~7216.7 min remaining)
[03:14:12] Analyzed 15610/180579 patents (0.4/sec, ~7214.3 min remaining)
[03:14:49] Analyzed 15620/180579 patents (0.4/sec, ~7215.6 min remaining)
[03:15:30] Analyzed 15630/180579 patents (0.4/sec, ~7217.8 min remaining)
[03:15:57] Analyzed 15640/180579 patents (0.4/sec, ~7217.4 min remaining)
[03:17:06] Analyzed 15650/180579 patents (0.4/sec, ~7224.5 min remaining)
[03:18:05] Analyzed 15660/180579 patents (0.4/sec, ~7229.9 min remaining)
[03:18:55] Analyzed 15670/180579 patents (0.4/sec, ~7233.6 min remaining)
[03:19:17] Analyzed 15680/180579 patents (0.4/sec, ~7232.4 min remaining)
[03:19:20] Analyzed 15690/180579 patents (0.4/sec, ~7227.9 min remaining)
[03:19:32] Analyzed 15700/180579 patents (0.4/sec, ~7224.9 min remaining)
[03:19:35] Analyzed 15710/180579 patents (0.4/sec, ~7220.4 min remaining)
[03:19:38] Analyzed 15720/180579 patents (0.4/sec, ~7216.0 min remaining)
[03:19:52] Analyzed 15730/180579 patents (0.4/sec, ~7213.2 min remaining)
[03:20:01] Analyzed 15740/180579 patents (0.4/sec, ~7209.9 min remaining)
[03:20:04] Analyzed 15750/180579 patents (0.4/sec, ~7205.4 min remaining)
[03:21:03] Analyzed 15760/180579 patents (0.4/sec, ~7210.6 min remaining)
[03:21:18] Analyzed 15770/180579 patents (0.4/sec, ~7208.2 min remaining)
[03:21:21] Analyzed 15780/180579 patents (0.4/sec, ~7203.8 min remaining)
[03:21:24] Analyzed 15790/180579 patents (0.4/sec, ~7199.3 min remaining)
[03:21:51] Analyzed 15800/180579 patents (0.4/sec, ~7198.9 min remaining)
[03:21:54] Analyzed 15810/180579 patents (0.4/sec, ~7194.5 min remaining)
[03:22:23] Analyzed 15820/180579 patents (0.4/sec, ~7194.5 min remaining)
[03:22:31] Analyzed 15830/180579 patents (0.4/sec, ~7191.0 min remaining)
[03:23:02] Analyzed 15840/180579 patents (0.4/sec, ~7191.5 min remaining)
[03:23:06] Analyzed 15850/180579 patents (0.4/sec, ~7187.0 min remaining)
[03:23:32] Analyzed 15860/180579 patents (0.4/sec, ~7186.6 min remaining)
[03:23:46] Analyzed 15870/180579 patents (0.4/sec, ~7184.1 min remaining)
[03:24:04] Analyzed 15880/180579 patents (0.4/sec, ~7182.2 min remaining)
[03:24:11] Analyzed 15890/180579 patents (0.4/sec, ~7178.5 min remaining)
[03:24:29] Analyzed 15900/180579 patents (0.4/sec, ~7176.7 min remaining)
[03:25:02] Analyzed 15910/180579 patents (0.4/sec, ~7177.5 min remaining)
[03:25:06] Analyzed 15920/180579 patents (0.4/sec, ~7173.1 min remaining)
[03:25:22] Analyzed 15930/180579 patents (0.4/sec, ~7170.9 min remaining)
[03:25:25] Analyzed 15940/180579 patents (0.4/sec, ~7166.5 min remaining)
[03:25:38] Analyzed 15950/180579 patents (0.4/sec, ~7163.8 min remaining)
[03:26:34] Analyzed 15960/180579 patents (0.4/sec, ~7168.6 min remaining)
[03:26:51] Analyzed 15970/180579 patents (0.4/sec, ~7166.5 min remaining)
[03:27:03] Analyzed 15980/180579 patents (0.4/sec, ~7163.8 min remaining)
[03:27:34] Analyzed 15990/180579 patents (0.4/sec, ~7164.1 min remaining)
[03:28:06] Analyzed 16000/180579 patents (0.4/sec, ~7164.6 min remaining)
[03:29:07] Analyzed 16010/180579 patents (0.4/sec, ~7170.1 min remaining)
[03:30:32] Analyzed 16020/180579 patents (0.4/sec, ~7179.8 min remaining)
[03:31:11] Analyzed 16030/180579 patents (0.4/sec, ~7181.5 min remaining)
[03:31:27] Analyzed 16040/180579 patents (0.4/sec, ~7179.4 min remaining)
[03:31:37] Analyzed 16050/180579 patents (0.4/sec, ~7176.3 min remaining)
[03:32:18] Analyzed 16060/180579 patents (0.4/sec, ~7178.3 min remaining)
[03:32:33] Analyzed 16070/180579 patents (0.4/sec, ~7176.0 min remaining)
[03:33:16] Analyzed 16080/180579 patents (0.4/sec, ~7178.5 min remaining)
[03:33:29] Analyzed 16090/180579 patents (0.4/sec, ~7175.8 min remaining)
[03:33:42] Analyzed 16100/180579 patents (0.4/sec, ~7173.0 min remaining)
[03:34:24] Analyzed 16110/180579 patents (0.4/sec, ~7175.4 min remaining)
[03:34:28] Analyzed 16120/180579 patents (0.4/sec, ~7171.0 min remaining)
[03:34:53] Analyzed 16130/180579 patents (0.4/sec, ~7170.4 min remaining)
[03:36:09] Analyzed 16140/180579 patents (0.4/sec, ~7178.4 min remaining)
[03:37:35] Analyzed 16150/180579 patents (0.4/sec, ~7188.1 min remaining)
[03:38:17] Analyzed 16160/180579 patents (0.4/sec, ~7190.4 min remaining)
[03:38:35] Analyzed 16170/180579 patents (0.4/sec, ~7188.6 min remaining)
[03:39:12] Analyzed 16180/180579 patents (0.4/sec, ~7190.0 min remaining)
[03:41:03] Analyzed 16190/180579 patents (0.4/sec, ~7203.9 min remaining)
[03:41:46] Analyzed 16200/180579 patents (0.4/sec, ~7206.2 min remaining)
[03:42:04] Analyzed 16210/180579 patents (0.4/sec, ~7204.5 min remaining)
[03:42:11] Analyzed 16220/180579 patents (0.4/sec, ~7200.7 min remaining)
[03:42:39] Analyzed 16230/180579 patents (0.4/sec, ~7200.6 min remaining)
[03:43:05] Analyzed 16240/180579 patents (0.4/sec, ~7200.1 min remaining)
[03:43:46] Analyzed 16250/180579 patents (0.4/sec, ~7202.1 min remaining)
[03:44:14] Analyzed 16260/180579 patents (0.4/sec, ~7202.0 min remaining)
[03:44:50] Analyzed 16270/180579 patents (0.4/sec, ~7203.2 min remaining)
[03:45:11] Analyzed 16280/180579 patents (0.4/sec, ~7201.9 min remaining)
[03:45:50] Analyzed 16290/180579 patents (0.4/sec, ~7203.5 min remaining)
[03:46:26] Analyzed 16300/180579 patents (0.4/sec, ~7204.7 min remaining)
[03:46:33] Analyzed 16310/180579 patents (0.4/sec, ~7201.0 min remaining)
[03:46:41] Analyzed 16320/180579 patents (0.4/sec, ~7197.6 min remaining)
[03:46:57] Analyzed 16330/180579 patents (0.4/sec, ~7195.5 min remaining)
[03:47:32] Analyzed 16340/180579 patents (0.4/sec, ~7196.5 min remaining)
[03:47:52] Analyzed 16350/180579 patents (0.4/sec, ~7194.9 min remaining)
[03:48:09] Analyzed 16360/180579 patents (0.4/sec, ~7193.0 min remaining)
[03:48:45] Analyzed 16370/180579 patents (0.4/sec, ~7194.2 min remaining)
[03:48:53] Analyzed 16380/180579 patents (0.4/sec, ~7190.6 min remaining)
[03:49:21] Analyzed 16390/180579 patents (0.4/sec, ~7190.5 min remaining)
[03:49:26] Analyzed 16400/180579 patents (0.4/sec, ~7186.6 min remaining)
[03:49:39] Analyzed 16410/180579 patents (0.4/sec, ~7183.8 min remaining)
[03:50:05] Analyzed 16420/180579 patents (0.4/sec, ~7183.3 min remaining)
[03:50:38] Analyzed 16430/180579 patents (0.4/sec, ~7184.1 min remaining)
[03:50:49] Analyzed 16440/180579 patents (0.4/sec, ~7181.1 min remaining)
[03:51:05] Analyzed 16450/180579 patents (0.4/sec, ~7179.0 min remaining)
[03:51:21] Analyzed 16460/180579 patents (0.4/sec, ~7176.8 min remaining)
[03:51:29] Analyzed 16470/180579 patents (0.4/sec, ~7173.4 min remaining)
[03:51:45] Analyzed 16480/180579 patents (0.4/sec, ~7171.2 min remaining)
[03:52:36] Analyzed 16490/180579 patents (0.4/sec, ~7174.8 min remaining)
[03:52:39] Analyzed 16500/180579 patents (0.4/sec, ~7170.6 min remaining)
[03:52:42] Analyzed 16510/180579 patents (0.4/sec, ~7166.3 min remaining)
[03:52:45] Analyzed 16520/180579 patents (0.4/sec, ~7162.1 min remaining)
[03:53:45] Analyzed 16530/180579 patents (0.4/sec, ~7167.2 min remaining)
[03:54:08] Analyzed 16540/180579 patents (0.4/sec, ~7166.2 min remaining)
[03:54:22] Analyzed 16550/180579 patents (0.4/sec, ~7163.8 min remaining)
[03:54:58] Analyzed 16560/180579 patents (0.4/sec, ~7164.9 min remaining)
[03:55:51] Analyzed 16570/180579 patents (0.4/sec, ~7168.9 min remaining)
[03:57:03] Analyzed 16580/180579 patents (0.4/sec, ~7176.1 min remaining)
[03:58:30] Analyzed 16590/180579 patents (0.4/sec, ~7185.5 min remaining)
[03:58:46] Analyzed 16600/180579 patents (0.4/sec, ~7183.5 min remaining)
[03:58:54] Analyzed 16610/180579 patents (0.4/sec, ~7180.0 min remaining)
[03:59:02] Analyzed 16620/180579 patents (0.4/sec, ~7176.6 min remaining)
[03:59:16] Analyzed 16630/180579 patents (0.4/sec, ~7174.1 min remaining)
[03:59:29] Analyzed 16640/180579 patents (0.4/sec, ~7171.5 min remaining)
[03:59:38] Analyzed 16650/180579 patents (0.4/sec, ~7168.2 min remaining)
[04:00:18] Analyzed 16660/180579 patents (0.4/sec, ~7170.0 min remaining)
[04:00:39] Analyzed 16670/180579 patents (0.4/sec, ~7168.8 min remaining)
[04:01:10] Analyzed 16680/180579 patents (0.4/sec, ~7169.1 min remaining)
[04:01:26] Analyzed 16690/180579 patents (0.4/sec, ~7166.9 min remaining)
[04:01:51] Analyzed 16700/180579 patents (0.4/sec, ~7166.3 min remaining)
[04:01:59] Analyzed 16710/180579 patents (0.4/sec, ~7162.9 min remaining)
[04:02:09] Analyzed 16720/180579 patents (0.4/sec, ~7159.8 min remaining)
[04:02:42] Analyzed 16730/180579 patents (0.4/sec, ~7160.5 min remaining)
[04:03:25] Analyzed 16740/180579 patents (0.4/sec, ~7162.9 min remaining)
[04:03:34] Analyzed 16750/180579 patents (0.4/sec, ~7159.5 min remaining)
[04:04:00] Analyzed 16760/180579 patents (0.4/sec, ~7159.1 min remaining)
[04:05:00] Analyzed 16770/180579 patents (0.4/sec, ~7164.2 min remaining)
[04:05:58] Analyzed 16780/180579 patents (0.4/sec, ~7168.9 min remaining)
[04:07:18] Analyzed 16790/180579 patents (0.4/sec, ~7177.1 min remaining)
[04:07:46] Analyzed 16800/180579 patents (0.4/sec, ~7177.0 min remaining)
[04:08:05] Analyzed 16810/180579 patents (0.4/sec, ~7175.3 min remaining)
[04:08:14] Analyzed 16820/180579 patents (0.4/sec, ~7172.2 min remaining)
[04:08:33] Analyzed 16830/180579 patents (0.4/sec, ~7170.6 min remaining)
[04:09:10] Analyzed 16840/180579 patents (0.4/sec, ~7171.9 min remaining)
[04:09:34] Analyzed 16850/180579 patents (0.4/sec, ~7171.0 min remaining)
[04:09:56] Analyzed 16860/180579 patents (0.4/sec, ~7169.9 min remaining)
[04:10:42] Analyzed 16870/180579 patents (0.4/sec, ~7172.7 min remaining)
[04:10:58] Analyzed 16880/180579 patents (0.4/sec, ~7170.5 min remaining)
[04:11:32] Analyzed 16890/180579 patents (0.4/sec, ~7171.4 min remaining)
[04:12:02] Analyzed 16900/180579 patents (0.4/sec, ~7171.5 min remaining)
[04:13:03] Analyzed 16910/180579 patents (0.4/sec, ~7176.6 min remaining)
[04:13:35] Analyzed 16920/180579 patents (0.4/sec, ~7177.1 min remaining)
[04:13:51] Analyzed 16930/180579 patents (0.4/sec, ~7175.0 min remaining)
[04:14:03] Analyzed 16940/180579 patents (0.4/sec, ~7172.3 min remaining)
[04:14:06] Analyzed 16950/180579 patents (0.4/sec, ~7168.1 min remaining)
[04:14:30] Analyzed 16960/180579 patents (0.4/sec, ~7167.3 min remaining)
[04:14:39] Analyzed 16970/180579 patents (0.4/sec, ~7164.2 min remaining)
[04:14:48] Analyzed 16980/180579 patents (0.4/sec, ~7160.9 min remaining)
[04:15:08] Analyzed 16990/180579 patents (0.4/sec, ~7159.4 min remaining)
[04:15:11] Analyzed 17000/180579 patents (0.4/sec, ~7155.3 min remaining)
[04:15:54] Analyzed 17010/180579 patents (0.4/sec, ~7157.5 min remaining)
[04:16:13] Analyzed 17020/180579 patents (0.4/sec, ~7155.9 min remaining)
[04:17:26] Analyzed 17030/180579 patents (0.4/sec, ~7162.9 min remaining)
[04:17:38] Analyzed 17040/180579 patents (0.4/sec, ~7160.2 min remaining)
[04:17:50] Analyzed 17050/180579 patents (0.4/sec, ~7157.5 min remaining)
[04:17:53] Analyzed 17060/180579 patents (0.4/sec, ~7153.4 min remaining)
[04:18:08] Analyzed 17070/180579 patents (0.4/sec, ~7151.1 min remaining)
[04:18:26] Analyzed 17080/180579 patents (0.4/sec, ~7149.4 min remaining)
[04:18:42] Analyzed 17090/180579 patents (0.4/sec, ~7147.4 min remaining)
[04:18:45] Analyzed 17100/180579 patents (0.4/sec, ~7143.3 min remaining)
[04:18:58] Analyzed 17110/180579 patents (0.4/sec, ~7140.6 min remaining)
[04:19:34] Analyzed 17120/180579 patents (0.4/sec, ~7141.8 min remaining)
[04:19:57] Analyzed 17130/180579 patents (0.4/sec, ~7140.9 min remaining)
[04:20:22] Analyzed 17140/180579 patents (0.4/sec, ~7140.2 min remaining)
[04:20:56] Analyzed 17150/180579 patents (0.4/sec, ~7141.1 min remaining)
[04:21:25] Analyzed 17160/180579 patents (0.4/sec, ~7141.0 min remaining)
[04:21:28] Analyzed 17170/180579 patents (0.4/sec, ~7136.9 min remaining)
[04:22:05] Analyzed 17180/180579 patents (0.4/sec, ~7138.1 min remaining)
[04:22:25] Analyzed 17190/180579 patents (0.4/sec, ~7136.8 min remaining)
[04:22:51] Analyzed 17200/180579 patents (0.4/sec, ~7136.3 min remaining)
[04:22:59] Analyzed 17210/180579 patents (0.4/sec, ~7133.0 min remaining)
[04:23:02] Analyzed 17220/180579 patents (0.4/sec, ~7128.9 min remaining)
[04:23:37] Analyzed 17230/180579 patents (0.4/sec, ~7129.8 min remaining)
[04:24:20] Analyzed 17240/180579 patents (0.4/sec, ~7132.0 min remaining)
[04:24:36] Analyzed 17250/180579 patents (0.4/sec, ~7130.0 min remaining)
[04:25:21] Analyzed 17260/180579 patents (0.4/sec, ~7132.6 min remaining)
[04:26:06] Analyzed 17270/180579 patents (0.4/sec, ~7135.0 min remaining)
[04:26:57] Analyzed 17280/180579 patents (0.4/sec, ~7138.5 min remaining)
[04:27:19] Analyzed 17290/180579 patents (0.4/sec, ~7137.5 min remaining)
[04:27:28] Analyzed 17300/180579 patents (0.4/sec, ~7134.2 min remaining)
[04:27:30] Analyzed 17310/180579 patents (0.4/sec, ~7130.1 min remaining)
[04:27:51] Analyzed 17320/180579 patents (0.4/sec, ~7128.7 min remaining)
[04:28:33] Analyzed 17330/180579 patents (0.4/sec, ~7130.7 min remaining)
[04:28:36] Analyzed 17340/180579 patents (0.4/sec, ~7126.7 min remaining)
[04:28:39] Analyzed 17350/180579 patents (0.4/sec, ~7122.6 min remaining)
[04:28:48] Analyzed 17360/180579 patents (0.4/sec, ~7119.5 min remaining)
[04:29:38] Analyzed 17370/180579 patents (0.4/sec, ~7122.8 min remaining)
[04:30:47] Analyzed 17380/180579 patents (0.4/sec, ~7129.1 min remaining)
[04:31:20] Analyzed 17390/180579 patents (0.4/sec, ~7129.7 min remaining)
[04:31:50] Analyzed 17400/180579 patents (0.4/sec, ~7129.8 min remaining)
[04:33:00] Analyzed 17410/180579 patents (0.4/sec, ~7136.3 min remaining)
[04:33:47] Analyzed 17420/180579 patents (0.4/sec, ~7139.0 min remaining)
[04:34:31] Analyzed 17430/180579 patents (0.4/sec, ~7141.4 min remaining)
[04:35:24] Analyzed 17440/180579 patents (0.4/sec, ~7145.2 min remaining)
[04:35:46] Analyzed 17450/180579 patents (0.4/sec, ~7143.9 min remaining)
[04:36:54] Analyzed 17460/180579 patents (0.4/sec, ~7150.1 min remaining)
[04:38:01] Analyzed 17470/180579 patents (0.4/sec, ~7156.0 min remaining)
[04:38:25] Analyzed 17480/180579 patents (0.4/sec, ~7155.2 min remaining)
[04:38:51] Analyzed 17490/180579 patents (0.4/sec, ~7154.7 min remaining)
[04:39:27] Analyzed 17500/180579 patents (0.4/sec, ~7155.8 min remaining)
[04:39:59] Analyzed 17510/180579 patents (0.4/sec, ~7156.2 min remaining)
[04:40:19] Analyzed 17520/180579 patents (0.4/sec, ~7154.8 min remaining)
[04:40:36] Analyzed 17530/180579 patents (0.4/sec, ~7153.0 min remaining)
[04:40:40] Analyzed 17540/180579 patents (0.4/sec, ~7148.9 min remaining)
[04:40:47] Analyzed 17550/180579 patents (0.4/sec, ~7145.6 min remaining)
[04:40:50] Analyzed 17560/180579 patents (0.4/sec, ~7141.6 min remaining)
[04:41:17] Analyzed 17570/180579 patents (0.4/sec, ~7141.2 min remaining)
[04:41:49] Analyzed 17580/180579 patents (0.4/sec, ~7141.7 min remaining)
[04:42:25] Analyzed 17590/180579 patents (0.4/sec, ~7142.6 min remaining)
[04:42:39] Analyzed 17600/180579 patents (0.4/sec, ~7140.3 min remaining)
[04:42:53] Analyzed 17610/180579 patents (0.4/sec, ~7138.0 min remaining)
[04:42:56] Analyzed 17620/180579 patents (0.4/sec, ~7134.0 min remaining)
[04:43:09] Analyzed 17630/180579 patents (0.4/sec, ~7131.5 min remaining)
[04:43:12] Analyzed 17640/180579 patents (0.4/sec, ~7127.5 min remaining)
[04:43:41] Analyzed 17650/180579 patents (0.4/sec, ~7127.5 min remaining)
[04:44:13] Analyzed 17660/180579 patents (0.4/sec, ~7128.0 min remaining)
[04:44:38] Analyzed 17670/180579 patents (0.4/sec, ~7127.3 min remaining)
[04:44:45] Analyzed 17680/180579 patents (0.4/sec, ~7124.0 min remaining)
[04:45:00] Analyzed 17690/180579 patents (0.4/sec, ~7121.7 min remaining)
[04:45:09] Analyzed 17700/180579 patents (0.4/sec, ~7118.7 min remaining)
[04:45:12] Analyzed 17710/180579 patents (0.4/sec, ~7114.7 min remaining)
[04:45:53] Analyzed 17720/180579 patents (0.4/sec, ~7116.4 min remaining)
[04:46:14] Analyzed 17730/180579 patents (0.4/sec, ~7115.2 min remaining)
[04:46:53] Analyzed 17740/180579 patents (0.4/sec, ~7116.7 min remaining)
[04:47:09] Analyzed 17750/180579 patents (0.4/sec, ~7114.8 min remaining)
[04:47:49] Analyzed 17760/180579 patents (0.4/sec, ~7116.4 min remaining)
[04:48:46] Analyzed 17770/180579 patents (0.4/sec, ~7120.6 min remaining)
[04:49:40] Analyzed 17780/180579 patents (0.4/sec, ~7124.5 min remaining)
[04:49:43] Analyzed 17790/180579 patents (0.4/sec, ~7120.5 min remaining)
[04:49:52] Analyzed 17800/180579 patents (0.4/sec, ~7117.4 min remaining)
[04:50:21] Analyzed 17810/180579 patents (0.4/sec, ~7117.4 min remaining)
[04:50:33] Analyzed 17820/180579 patents (0.4/sec, ~7114.8 min remaining)
[04:50:43] Analyzed 17830/180579 patents (0.4/sec, ~7112.0 min remaining)
[04:51:04] Analyzed 17840/180579 patents (0.4/sec, ~7110.6 min remaining)
[04:51:21] Analyzed 17850/180579 patents (0.4/sec, ~7108.9 min remaining)
[04:52:00] Analyzed 17860/180579 patents (0.4/sec, ~7110.4 min remaining)
[04:52:14] Analyzed 17870/180579 patents (0.4/sec, ~7108.1 min remaining)
[04:52:39] Analyzed 17880/180579 patents (0.4/sec, ~7107.4 min remaining)
[04:52:42] Analyzed 17890/180579 patents (0.4/sec, ~7103.5 min remaining)
[04:53:20] Analyzed 17900/180579 patents (0.4/sec, ~7104.8 min remaining)
[04:53:30] Analyzed 17910/180579 patents (0.4/sec, ~7102.0 min remaining)
[04:53:43] Analyzed 17920/180579 patents (0.4/sec, ~7099.6 min remaining)
[04:54:09] Analyzed 17930/180579 patents (0.4/sec, ~7099.1 min remaining)
[04:55:03] Analyzed 17940/180579 patents (0.4/sec, ~7102.9 min remaining)
[04:56:42] Analyzed 17950/180579 patents (0.4/sec, ~7113.3 min remaining)
[04:57:23] Analyzed 17960/180579 patents (0.4/sec, ~7115.2 min remaining)
[04:58:06] Analyzed 17970/180579 patents (0.4/sec, ~7117.3 min remaining)
[04:58:29] Analyzed 17980/180579 patents (0.4/sec, ~7116.3 min remaining)
[04:58:53] Analyzed 17990/180579 patents (0.4/sec, ~7115.5 min remaining)
[04:59:11] Analyzed 18000/180579 patents (0.4/sec, ~7113.8 min remaining)
[04:59:33] Analyzed 18010/180579 patents (0.4/sec, ~7112.7 min remaining)
[04:59:45] Analyzed 18020/180579 patents (0.4/sec, ~7110.3 min remaining)
[05:00:39] Analyzed 18030/180579 patents (0.4/sec, ~7113.9 min remaining)
[05:01:08] Analyzed 18040/180579 patents (0.4/sec, ~7114.0 min remaining)
[05:02:10] Analyzed 18050/180579 patents (0.4/sec, ~7118.9 min remaining)
[05:03:00] Analyzed 18060/180579 patents (0.4/sec, ~7122.0 min remaining)
[05:03:50] Analyzed 18070/180579 patents (0.4/sec, ~7125.1 min remaining)
[05:04:30] Analyzed 18080/180579 patents (0.4/sec, ~7126.7 min remaining)
[05:05:02] Analyzed 18090/180579 patents (0.4/sec, ~7127.2 min remaining)
[05:05:10] Analyzed 18100/180579 patents (0.4/sec, ~7124.0 min remaining)
[05:05:37] Analyzed 18110/180579 patents (0.4/sec, ~7123.7 min remaining)
[05:05:54] Analyzed 18120/180579 patents (0.4/sec, ~7121.8 min remaining)
[05:06:11] Analyzed 18130/180579 patents (0.4/sec, ~7120.0 min remaining)
[05:06:15] Analyzed 18140/180579 patents (0.4/sec, ~7116.1 min remaining)
[05:06:18] Analyzed 18150/180579 patents (0.4/sec, ~7112.2 min remaining)
[05:06:21] Analyzed 18160/180579 patents (0.4/sec, ~7108.3 min remaining)
[05:06:46] Analyzed 18170/180579 patents (0.4/sec, ~7107.7 min remaining)
[05:07:19] Analyzed 18180/180579 patents (0.4/sec, ~7108.3 min remaining)
[05:07:51] Analyzed 18190/180579 patents (0.4/sec, ~7108.7 min remaining)
[05:09:03] Analyzed 18200/180579 patents (0.4/sec, ~7115.0 min remaining)
[05:09:15] Analyzed 18210/180579 patents (0.4/sec, ~7112.5 min remaining)
[05:09:55] Analyzed 18220/180579 patents (0.4/sec, ~7114.1 min remaining)
[05:09:58] Analyzed 18230/180579 patents (0.4/sec, ~7110.2 min remaining)
[05:10:01] Analyzed 18240/180579 patents (0.4/sec, ~7106.3 min remaining)
[05:10:19] Analyzed 18250/180579 patents (0.4/sec, ~7104.6 min remaining)
[05:10:25] Analyzed 18260/180579 patents (0.4/sec, ~7101.2 min remaining)
[05:10:40] Analyzed 18270/180579 patents (0.4/sec, ~7099.1 min remaining)
[05:10:56] Analyzed 18280/180579 patents (0.4/sec, ~7097.1 min remaining)
[05:11:25] Analyzed 18290/180579 patents (0.4/sec, ~7097.1 min remaining)
[05:11:46] Analyzed 18300/180579 patents (0.4/sec, ~7095.9 min remaining)
[05:12:04] Analyzed 18310/180579 patents (0.4/sec, ~7094.3 min remaining)
[05:12:33] Analyzed 18320/180579 patents (0.4/sec, ~7094.3 min remaining)
[05:12:46] Analyzed 18330/180579 patents (0.4/sec, ~7091.9 min remaining)
[05:13:15] Analyzed 18340/180579 patents (0.4/sec, ~7091.9 min remaining)
[05:13:36] Analyzed 18350/180579 patents (0.4/sec, ~7090.7 min remaining)
[05:13:50] Analyzed 18360/180579 patents (0.4/sec, ~7088.4 min remaining)
[05:14:03] Analyzed 18370/180579 patents (0.4/sec, ~7086.0 min remaining)
[05:14:13] Analyzed 18380/180579 patents (0.4/sec, ~7083.1 min remaining)
[05:14:24] Analyzed 18390/180579 patents (0.4/sec, ~7080.5 min remaining)
[05:14:50] Analyzed 18400/180579 patents (0.4/sec, ~7080.1 min remaining)
[05:15:42] Analyzed 18410/180579 patents (0.4/sec, ~7083.4 min remaining)
[05:16:01] Analyzed 18420/180579 patents (0.4/sec, ~7081.8 min remaining)
[05:16:19] Analyzed 18430/180579 patents (0.4/sec, ~7080.3 min remaining)
[05:16:53] Analyzed 18440/180579 patents (0.4/sec, ~7080.9 min remaining)
[05:17:19] Analyzed 18450/180579 patents (0.4/sec, ~7080.5 min remaining)
[05:18:14] Analyzed 18460/180579 patents (0.4/sec, ~7084.3 min remaining)
[05:19:21] Analyzed 18470/180579 patents (0.4/sec, ~7089.9 min remaining)
[05:19:52] Analyzed 18480/180579 patents (0.4/sec, ~7090.1 min remaining)
[05:20:14] Analyzed 18490/180579 patents (0.4/sec, ~7089.1 min remaining)
[05:20:51] Analyzed 18500/180579 patents (0.4/sec, ~7090.1 min remaining)
[05:21:06] Analyzed 18510/180579 patents (0.4/sec, ~7088.0 min remaining)
[05:21:44] Analyzed 18520/180579 patents (0.4/sec, ~7089.3 min remaining)
[05:21:54] Analyzed 18530/180579 patents (0.4/sec, ~7086.5 min remaining)
[05:21:57] Analyzed 18540/180579 patents (0.4/sec, ~7082.7 min remaining)
[05:22:24] Analyzed 18550/180579 patents (0.4/sec, ~7082.5 min remaining)
[05:23:03] Analyzed 18560/180579 patents (0.4/sec, ~7083.8 min remaining)
[05:23:15] Analyzed 18570/180579 patents (0.4/sec, ~7081.4 min remaining)
[05:23:22] Analyzed 18580/180579 patents (0.4/sec, ~7078.0 min remaining)
[05:23:33] Analyzed 18590/180579 patents (0.4/sec, ~7075.4 min remaining)
[05:24:29] Analyzed 18600/180579 patents (0.4/sec, ~7079.3 min remaining)
[05:25:12] Analyzed 18610/180579 patents (0.4/sec, ~7081.3 min remaining)
[05:26:17] Analyzed 18620/180579 patents (0.4/sec, ~7086.6 min remaining)
[05:26:50] Analyzed 18630/180579 patents (0.4/sec, ~7087.0 min remaining)
[05:27:37] Analyzed 18640/180579 patents (0.4/sec, ~7089.6 min remaining)
[05:28:21] Analyzed 18650/180579 patents (0.4/sec, ~7091.8 min remaining)
[05:29:45] Analyzed 18660/180579 patents (0.4/sec, ~7099.6 min remaining)
[05:30:18] Analyzed 18670/180579 patents (0.4/sec, ~7100.2 min remaining)
[05:31:18] Analyzed 18680/180579 patents (0.4/sec, ~7104.7 min remaining)
[05:31:40] Analyzed 18690/180579 patents (0.4/sec, ~7103.5 min remaining)
[05:31:59] Analyzed 18700/180579 patents (0.4/sec, ~7102.0 min remaining)
[05:32:29] Analyzed 18710/180579 patents (0.4/sec, ~7102.1 min remaining)
[05:33:36] Analyzed 18720/180579 patents (0.4/sec, ~7107.5 min remaining)
[05:34:01] Analyzed 18730/180579 patents (0.4/sec, ~7106.9 min remaining)
[05:34:09] Analyzed 18740/180579 patents (0.4/sec, ~7103.9 min remaining)
[05:34:46] Analyzed 18750/180579 patents (0.4/sec, ~7104.9 min remaining)
[05:35:10] Analyzed 18760/180579 patents (0.4/sec, ~7104.2 min remaining)
[05:35:21] Analyzed 18770/180579 patents (0.4/sec, ~7101.5 min remaining)
[05:35:38] Analyzed 18780/180579 patents (0.4/sec, ~7099.7 min remaining)
[05:36:03] Analyzed 18790/180579 patents (0.4/sec, ~7099.1 min remaining)
[05:36:12] Analyzed 18800/180579 patents (0.4/sec, ~7096.2 min remaining)
[05:36:15] Analyzed 18810/180579 patents (0.4/sec, ~7092.4 min remaining)
[05:36:18] Analyzed 18820/180579 patents (0.4/sec, ~7088.7 min remaining)
[05:36:33] Analyzed 18830/180579 patents (0.4/sec, ~7086.5 min remaining)
[05:37:03] Analyzed 18840/180579 patents (0.4/sec, ~7086.6 min remaining)
[05:37:12] Analyzed 18850/180579 patents (0.4/sec, ~7083.8 min remaining)
[05:37:16] Analyzed 18860/180579 patents (0.4/sec, ~7080.1 min remaining)
[05:37:35] Analyzed 18870/180579 patents (0.4/sec, ~7078.7 min remaining)
[05:37:49] Analyzed 18880/180579 patents (0.4/sec, ~7076.4 min remaining)
[05:38:21] Analyzed 18890/180579 patents (0.4/sec, ~7076.8 min remaining)
[05:38:24] Analyzed 18900/180579 patents (0.4/sec, ~7073.0 min remaining)
[05:39:33] Analyzed 18910/180579 patents (0.4/sec, ~7078.8 min remaining)
[05:39:40] Analyzed 18920/180579 patents (0.4/sec, ~7075.6 min remaining)
[05:40:02] Analyzed 18930/180579 patents (0.4/sec, ~7074.5 min remaining)
[05:40:17] Analyzed 18940/180579 patents (0.4/sec, ~7072.4 min remaining)
[05:40:25] Analyzed 18950/180579 patents (0.4/sec, ~7069.4 min remaining)
[05:40:28] Analyzed 18960/180579 patents (0.4/sec, ~7065.7 min remaining)
[05:41:13] Analyzed 18970/180579 patents (0.4/sec, ~7067.9 min remaining)
[05:41:32] Analyzed 18980/180579 patents (0.4/sec, ~7066.5 min remaining)
[05:42:08] Analyzed 18990/180579 patents (0.4/sec, ~7067.4 min remaining)
[05:42:47] Analyzed 19000/180579 patents (0.4/sec, ~7068.8 min remaining)
[05:42:58] Analyzed 19010/180579 patents (0.4/sec, ~7066.2 min remaining)
[05:43:35] Analyzed 19020/180579 patents (0.4/sec, ~7067.3 min remaining)
[05:43:56] Analyzed 19030/180579 patents (0.4/sec, ~7066.1 min remaining)
[05:44:04] Analyzed 19040/180579 patents (0.4/sec, ~7063.0 min remaining)
[05:44:07] Analyzed 19050/180579 patents (0.4/sec, ~7059.3 min remaining)
[05:44:25] Analyzed 19060/180579 patents (0.4/sec, ~7057.7 min remaining)
[05:44:53] Analyzed 19070/180579 patents (0.4/sec, ~7057.5 min remaining)
[05:45:44] Analyzed 19080/180579 patents (0.4/sec, ~7060.7 min remaining)
[05:46:22] Analyzed 19090/180579 patents (0.4/sec, ~7061.9 min remaining)
[05:46:40] Analyzed 19100/180579 patents (0.4/sec, ~7060.3 min remaining)
[05:47:24] Analyzed 19110/180579 patents (0.4/sec, ~7062.4 min remaining)
[05:47:38] Analyzed 19120/180579 patents (0.4/sec, ~7060.2 min remaining)
[05:48:35] Analyzed 19130/180579 patents (0.4/sec, ~7064.1 min remaining)
[05:49:48] Analyzed 19140/180579 patents (0.4/sec, ~7070.2 min remaining)
[05:50:07] Analyzed 19150/180579 patents (0.4/sec, ~7068.7 min remaining)
[05:50:40] Analyzed 19160/180579 patents (0.4/sec, ~7069.2 min remaining)
[05:50:50] Analyzed 19170/180579 patents (0.4/sec, ~7066.5 min remaining)
[05:51:37] Analyzed 19180/180579 patents (0.4/sec, ~7069.0 min remaining)
[05:51:51] Analyzed 19190/180579 patents (0.4/sec, ~7066.9 min remaining)
[05:52:03] Analyzed 19200/180579 patents (0.4/sec, ~7064.4 min remaining)
[05:52:24] Analyzed 19210/180579 patents (0.4/sec, ~7063.3 min remaining)
[05:52:42] Analyzed 19220/180579 patents (0.4/sec, ~7061.6 min remaining)
[05:52:45] Analyzed 19230/180579 patents (0.4/sec, ~7057.9 min remaining)
[05:53:51] Analyzed 19240/180579 patents (0.4/sec, ~7063.1 min remaining)
[05:54:50] Analyzed 19250/180579 patents (0.4/sec, ~7067.1 min remaining)
[05:55:25] Analyzed 19260/180579 patents (0.4/sec, ~7068.0 min remaining)
[05:55:54] Analyzed 19270/180579 patents (0.4/sec, ~7067.9 min remaining)
[05:56:34] Analyzed 19280/180579 patents (0.4/sec, ~7069.4 min remaining)
[05:57:29] Analyzed 19290/180579 patents (0.4/sec, ~7072.9 min remaining)
[05:58:22] Analyzed 19300/180579 patents (0.4/sec, ~7076.2 min remaining)
[05:59:00] Analyzed 19310/180579 patents (0.4/sec, ~7077.4 min remaining)
[05:59:43] Analyzed 19320/180579 patents (0.4/sec, ~7079.2 min remaining)
[05:59:53] Analyzed 19330/180579 patents (0.4/sec, ~7076.6 min remaining)
[06:00:01] Analyzed 19340/180579 patents (0.4/sec, ~7073.6 min remaining)
[06:00:27] Analyzed 19350/180579 patents (0.4/sec, ~7073.1 min remaining)
[06:00:57] Analyzed 19360/180579 patents (0.4/sec, ~7073.2 min remaining)
[06:01:24] Analyzed 19370/180579 patents (0.4/sec, ~7072.9 min remaining)
[06:02:11] Analyzed 19380/180579 patents (0.4/sec, ~7075.3 min remaining)
[06:03:05] Analyzed 19390/180579 patents (0.4/sec, ~7078.7 min remaining)
[06:03:45] Analyzed 19400/180579 patents (0.4/sec, ~7080.1 min remaining)
[06:04:13] Analyzed 19410/180579 patents (0.4/sec, ~7079.8 min remaining)
[06:04:30] Analyzed 19420/180579 patents (0.4/sec, ~7078.2 min remaining)
[06:04:57] Analyzed 19430/180579 patents (0.4/sec, ~7077.8 min remaining)
[06:05:10] Analyzed 19440/180579 patents (0.4/sec, ~7075.6 min remaining)
[06:05:20] Analyzed 19450/180579 patents (0.4/sec, ~7072.9 min remaining)
[06:05:23] Analyzed 19460/180579 patents (0.4/sec, ~7069.2 min remaining)
[06:05:30] Analyzed 19470/180579 patents (0.4/sec, ~7066.1 min remaining)
[06:05:38] Analyzed 19480/180579 patents (0.4/sec, ~7063.1 min remaining)
[06:05:50] Analyzed 19490/180579 patents (0.4/sec, ~7060.6 min remaining)
[06:06:00] Analyzed 19500/180579 patents (0.4/sec, ~7058.0 min remaining)
[06:06:14] Analyzed 19510/180579 patents (0.4/sec, ~7055.9 min remaining)
[06:06:53] Analyzed 19520/180579 patents (0.4/sec, ~7057.2 min remaining)
[06:07:16] Analyzed 19530/180579 patents (0.4/sec, ~7056.3 min remaining)
[06:08:18] Analyzed 19540/180579 patents (0.4/sec, ~7060.8 min remaining)
[06:08:40] Analyzed 19550/180579 patents (0.4/sec, ~7059.8 min remaining)
[06:08:54] Analyzed 19560/180579 patents (0.4/sec, ~7057.6 min remaining)
[06:08:57] Analyzed 19570/180579 patents (0.4/sec, ~7054.0 min remaining)
[06:09:01] Analyzed 19580/180579 patents (0.4/sec, ~7050.4 min remaining)
[06:09:43] Analyzed 19590/180579 patents (0.4/sec, ~7052.2 min remaining)
[06:09:53] Analyzed 19600/180579 patents (0.4/sec, ~7049.5 min remaining)
[06:10:14] Analyzed 19610/180579 patents (0.4/sec, ~7048.4 min remaining)
[06:10:37] Analyzed 19620/180579 patents (0.4/sec, ~7047.5 min remaining)
[06:10:50] Analyzed 19630/180579 patents (0.4/sec, ~7045.3 min remaining)
[06:11:09] Analyzed 19640/180579 patents (0.4/sec, ~7043.8 min remaining)
[06:11:20] Analyzed 19650/180579 patents (0.4/sec, ~7041.3 min remaining)
[06:11:29] Analyzed 19660/180579 patents (0.4/sec, ~7038.5 min remaining)
[06:11:32] Analyzed 19670/180579 patents (0.4/sec, ~7034.9 min remaining)
[06:11:41] Analyzed 19680/180579 patents (0.4/sec, ~7032.0 min remaining)
[06:11:59] Analyzed 19690/180579 patents (0.4/sec, ~7030.6 min remaining)
[06:12:43] Analyzed 19700/180579 patents (0.4/sec, ~7032.6 min remaining)
[06:13:40] Analyzed 19710/180579 patents (0.4/sec, ~7036.2 min remaining)
[06:13:48] Analyzed 19720/180579 patents (0.4/sec, ~7033.3 min remaining)
[06:15:00] Analyzed 19730/180579 patents (0.4/sec, ~7039.1 min remaining)
[06:15:09] Analyzed 19740/180579 patents (0.4/sec, ~7036.3 min remaining)
[06:16:54] Analyzed 19750/180579 patents (0.4/sec, ~7046.6 min remaining)
[06:17:48] Analyzed 19760/180579 patents (0.4/sec, ~7049.9 min remaining)
[06:18:02] Analyzed 19770/180579 patents (0.4/sec, ~7047.8 min remaining)
[06:18:27] Analyzed 19780/180579 patents (0.4/sec, ~7047.2 min remaining)
[06:19:34] Analyzed 19790/180579 patents (0.4/sec, ~7052.3 min remaining)
[06:19:57] Analyzed 19800/180579 patents (0.4/sec, ~7051.4 min remaining)
[06:20:28] Analyzed 19810/180579 patents (0.4/sec, ~7051.7 min remaining)
[06:21:14] Analyzed 19820/180579 patents (0.4/sec, ~7053.8 min remaining)
[06:21:54] Analyzed 19830/180579 patents (0.4/sec, ~7055.3 min remaining)
[06:22:00] Analyzed 19840/180579 patents (0.4/sec, ~7052.1 min remaining)
[06:22:32] Analyzed 19850/180579 patents (0.4/sec, ~7052.3 min remaining)
[06:23:47] Analyzed 19860/180579 patents (0.4/sec, ~7058.5 min remaining)
[06:23:58] Analyzed 19870/180579 patents (0.4/sec, ~7056.0 min remaining)
[06:24:31] Analyzed 19880/180579 patents (0.4/sec, ~7056.4 min remaining)
[06:25:26] Analyzed 19890/180579 patents (0.4/sec, ~7059.9 min remaining)
[06:26:05] Analyzed 19900/180579 patents (0.4/sec, ~7061.2 min remaining)
[06:26:52] Analyzed 19910/180579 patents (0.4/sec, ~7063.5 min remaining)
[06:27:25] Analyzed 19920/180579 patents (0.4/sec, ~7063.9 min remaining)
[06:27:28] Analyzed 19930/180579 patents (0.4/sec, ~7060.3 min remaining)
[06:28:02] Analyzed 19940/180579 patents (0.4/sec, ~7060.9 min remaining)
[06:28:30] Analyzed 19950/180579 patents (0.4/sec, ~7060.6 min remaining)
[06:28:45] Analyzed 19960/180579 patents (0.4/sec, ~7058.7 min remaining)
[06:29:02] Analyzed 19970/180579 patents (0.4/sec, ~7057.0 min remaining)
[06:29:05] Analyzed 19980/180579 patents (0.4/sec, ~7053.4 min remaining)
[06:29:25] Analyzed 19990/180579 patents (0.4/sec, ~7052.1 min remaining)
[06:30:00] Analyzed 20000/180579 patents (0.4/sec, ~7052.9 min remaining)
[06:30:22] Analyzed 20010/180579 patents (0.4/sec, ~7051.9 min remaining)
[06:30:25] Analyzed 20020/180579 patents (0.4/sec, ~7048.4 min remaining)
[06:30:39] Analyzed 20030/180579 patents (0.4/sec, ~7046.3 min remaining)
[06:30:48] Analyzed 20040/180579 patents (0.4/sec, ~7043.5 min remaining)
[06:30:51] Analyzed 20050/180579 patents (0.4/sec, ~7039.9 min remaining)
[06:30:58] Analyzed 20060/180579 patents (0.4/sec, ~7037.0 min remaining)
[06:31:22] Analyzed 20070/180579 patents (0.4/sec, ~7036.1 min remaining)
[06:31:57] Analyzed 20080/180579 patents (0.4/sec, ~7036.9 min remaining)
[06:32:11] Analyzed 20090/180579 patents (0.4/sec, ~7034.8 min remaining)
[06:32:19] Analyzed 20100/180579 patents (0.4/sec, ~7031.9 min remaining)
[06:32:22] Analyzed 20110/180579 patents (0.4/sec, ~7028.4 min remaining)
[06:32:25] Analyzed 20120/180579 patents (0.4/sec, ~7024.9 min remaining)
[06:32:59] Analyzed 20130/180579 patents (0.4/sec, ~7025.5 min remaining)
[06:33:07] Analyzed 20140/180579 patents (0.4/sec, ~7022.6 min remaining)
[06:33:10] Analyzed 20150/180579 patents (0.4/sec, ~7019.1 min remaining)
[06:33:23] Analyzed 20160/180579 patents (0.4/sec, ~7016.8 min remaining)
[06:33:44] Analyzed 20170/180579 patents (0.4/sec, ~7015.7 min remaining)
[06:33:56] Analyzed 20180/180579 patents (0.4/sec, ~7013.4 min remaining)
[06:34:19] Analyzed 20190/180579 patents (0.4/sec, ~7012.5 min remaining)
[06:34:22] Analyzed 20200/180579 patents (0.4/sec, ~7009.0 min remaining)
[06:34:30] Analyzed 20210/180579 patents (0.4/sec, ~7006.1 min remaining)
[06:34:50] Analyzed 20220/180579 patents (0.4/sec, ~7004.9 min remaining)
[06:35:38] Analyzed 20230/180579 patents (0.4/sec, ~7007.4 min remaining)
[06:36:31] Analyzed 20240/180579 patents (0.4/sec, ~7010.5 min remaining)
[06:36:55] Analyzed 20250/180579 patents (0.4/sec, ~7009.7 min remaining)
[06:37:55] Analyzed 20260/180579 patents (0.4/sec, ~7013.8 min remaining)
[06:38:19] Analyzed 20270/180579 patents (0.4/sec, ~7013.1 min remaining)
[06:39:34] Analyzed 20280/180579 patents (0.4/sec, ~7019.0 min remaining)
[06:40:49] Analyzed 20290/180579 patents (0.4/sec, ~7025.0 min remaining)
[06:40:57] Analyzed 20300/180579 patents (0.4/sec, ~7022.2 min remaining)
[06:41:01] Analyzed 20310/180579 patents (0.4/sec, ~7018.7 min remaining)
[06:41:08] Analyzed 20320/180579 patents (0.4/sec, ~7015.8 min remaining)
[06:41:19] Analyzed 20330/180579 patents (0.4/sec, ~7013.4 min remaining)
[06:41:54] Analyzed 20340/180579 patents (0.4/sec, ~7014.1 min remaining)
[06:42:05] Analyzed 20350/180579 patents (0.4/sec, ~7011.6 min remaining)
[06:42:31] Analyzed 20360/180579 patents (0.4/sec, ~7011.1 min remaining)
[06:42:58] Analyzed 20370/180579 patents (0.4/sec, ~7010.7 min remaining)
[06:43:06] Analyzed 20380/180579 patents (0.4/sec, ~7008.0 min remaining)
[06:43:10] Analyzed 20390/180579 patents (0.4/sec, ~7004.6 min remaining)
[06:43:13] Analyzed 20400/180579 patents (0.4/sec, ~7001.1 min remaining)
[06:44:07] Analyzed 20410/180579 patents (0.4/sec, ~7004.4 min remaining)
[06:44:35] Analyzed 20420/180579 patents (0.4/sec, ~7004.2 min remaining)
[06:44:58] Analyzed 20430/180579 patents (0.4/sec, ~7003.2 min remaining)
[06:45:26] Analyzed 20440/180579 patents (0.4/sec, ~7003.1 min remaining)
[06:46:27] Analyzed 20450/180579 patents (0.4/sec, ~7007.1 min remaining)
[06:48:07] Analyzed 20460/180579 patents (0.4/sec, ~7016.3 min remaining)
[06:49:40] Analyzed 20470/180579 patents (0.4/sec, ~7024.6 min remaining)
[06:49:58] Analyzed 20480/180579 patents (0.4/sec, ~7023.1 min remaining)
[06:50:56] Analyzed 20490/180579 patents (0.4/sec, ~7026.8 min remaining)
[06:51:11] Analyzed 20500/180579 patents (0.4/sec, ~7024.9 min remaining)
[06:51:23] Analyzed 20510/180579 patents (0.4/sec, ~7022.6 min remaining)
[06:52:05] Analyzed 20520/180579 patents (0.4/sec, ~7024.1 min remaining)
[06:52:44] Analyzed 20530/180579 patents (0.4/sec, ~7025.4 min remaining)
[06:53:23] Analyzed 20540/180579 patents (0.4/sec, ~7026.6 min remaining)
[06:53:37] Analyzed 20550/180579 patents (0.4/sec, ~7024.6 min remaining)
[06:53:57] Analyzed 20560/180579 patents (0.4/sec, ~7023.2 min remaining)
[06:54:38] Analyzed 20570/180579 patents (0.4/sec, ~7024.7 min remaining)
[06:55:14] Analyzed 20580/180579 patents (0.4/sec, ~7025.5 min remaining)
[06:55:49] Analyzed 20590/180579 patents (0.4/sec, ~7026.2 min remaining)
[06:56:15] Analyzed 20600/180579 patents (0.4/sec, ~7025.7 min remaining)
[06:56:56] Analyzed 20610/180579 patents (0.4/sec, ~7027.2 min remaining)
[06:56:59] Analyzed 20620/180579 patents (0.4/sec, ~7023.8 min remaining)
[06:57:16] Analyzed 20630/180579 patents (0.4/sec, ~7022.1 min remaining)
[06:57:41] Analyzed 20640/180579 patents (0.4/sec, ~7021.5 min remaining)
[06:57:53] Analyzed 20650/180579 patents (0.4/sec, ~7019.2 min remaining)
[06:58:04] Analyzed 20660/180579 patents (0.4/sec, ~7016.7 min remaining)
[06:58:07] Analyzed 20670/180579 patents (0.4/sec, ~7013.3 min remaining)
[06:58:29] Analyzed 20680/180579 patents (0.4/sec, ~7012.3 min remaining)
[06:58:32] Analyzed 20690/180579 patents (0.4/sec, ~7008.9 min remaining)
[06:58:36] Analyzed 20700/180579 patents (0.4/sec, ~7005.5 min remaining)
[06:59:05] Analyzed 20710/180579 patents (0.4/sec, ~7005.4 min remaining)
[06:59:08] Analyzed 20720/180579 patents (0.4/sec, ~7002.0 min remaining)
[06:59:51] Analyzed 20730/180579 patents (0.4/sec, ~7003.8 min remaining)
[06:59:59] Analyzed 20740/180579 patents (0.4/sec, ~7001.0 min remaining)
[07:00:29] Analyzed 20750/180579 patents (0.4/sec, ~7001.0 min remaining)
[07:00:32] Analyzed 20760/180579 patents (0.4/sec, ~6997.6 min remaining)
[07:00:44] Analyzed 20770/180579 patents (0.4/sec, ~6995.3 min remaining)
[07:00:47] Analyzed 20780/180579 patents (0.4/sec, ~6991.9 min remaining)
[07:01:08] Analyzed 20790/180579 patents (0.4/sec, ~6990.8 min remaining)
[07:01:32] Analyzed 20800/180579 patents (0.4/sec, ~6990.1 min remaining)
[07:01:35] Analyzed 20810/180579 patents (0.4/sec, ~6986.7 min remaining)
[07:02:04] Analyzed 20820/180579 patents (0.4/sec, ~6986.6 min remaining)
[07:02:28] Analyzed 20830/180579 patents (0.4/sec, ~6985.8 min remaining)
[07:02:53] Analyzed 20840/180579 patents (0.4/sec, ~6985.2 min remaining)
[07:03:06] Analyzed 20850/180579 patents (0.4/sec, ~6983.1 min remaining)
[07:03:50] Analyzed 20860/180579 patents (0.4/sec, ~6985.0 min remaining)
[07:04:05] Analyzed 20870/180579 patents (0.4/sec, ~6983.1 min remaining)
[07:04:26] Analyzed 20880/180579 patents (0.4/sec, ~6982.0 min remaining)
[07:04:30] Analyzed 20890/180579 patents (0.4/sec, ~6978.7 min remaining)
[07:04:53] Analyzed 20900/180579 patents (0.4/sec, ~6977.9 min remaining)
[07:05:21] Analyzed 20910/180579 patents (0.4/sec, ~6977.7 min remaining)
[07:06:29] Analyzed 20920/180579 patents (0.4/sec, ~6982.5 min remaining)
[07:06:58] Analyzed 20930/180579 patents (0.4/sec, ~6982.4 min remaining)
[07:07:04] Analyzed 20940/180579 patents (0.4/sec, ~6979.4 min remaining)
[07:07:29] Analyzed 20950/180579 patents (0.4/sec, ~6978.9 min remaining)
[07:08:28] Analyzed 20960/180579 patents (0.4/sec, ~6982.5 min remaining)
[07:09:46] Analyzed 20970/180579 patents (0.4/sec, ~6988.6 min remaining)
[07:10:50] Analyzed 20980/180579 patents (0.4/sec, ~6993.0 min remaining)
[07:11:00] Analyzed 20990/180579 patents (0.4/sec, ~6990.5 min remaining)
[07:11:03] Analyzed 21000/180579 patents (0.4/sec, ~6987.1 min remaining)
[07:11:06] Analyzed 21010/180579 patents (0.4/sec, ~6983.7 min remaining)
[07:11:49] Analyzed 21020/180579 patents (0.4/sec, ~6985.4 min remaining)
[07:12:09] Analyzed 21030/180579 patents (0.4/sec, ~6984.2 min remaining)
[07:12:52] Analyzed 21040/180579 patents (0.4/sec, ~6985.9 min remaining)
[07:12:55] Analyzed 21050/180579 patents (0.4/sec, ~6982.5 min remaining)
[07:13:23] Analyzed 21060/180579 patents (0.4/sec, ~6982.3 min remaining)
[07:13:55] Analyzed 21070/180579 patents (0.4/sec, ~6982.6 min remaining)
[07:14:36] Analyzed 21080/180579 patents (0.4/sec, ~6984.0 min remaining)
[07:15:09] Analyzed 21090/180579 patents (0.4/sec, ~6984.4 min remaining)
[07:15:50] Analyzed 21100/180579 patents (0.4/sec, ~6985.8 min remaining)
[07:16:39] Analyzed 21110/180579 patents (0.4/sec, ~6988.2 min remaining)
[07:17:07] Analyzed 21120/180579 patents (0.4/sec, ~6988.0 min remaining)
[07:17:23] Analyzed 21130/180579 patents (0.4/sec, ~6986.3 min remaining)
[07:18:04] Analyzed 21140/180579 patents (0.4/sec, ~6987.7 min remaining)
[07:18:21] Analyzed 21150/180579 patents (0.4/sec, ~6986.1 min remaining)
[07:19:01] Analyzed 21160/180579 patents (0.4/sec, ~6987.4 min remaining)
[07:20:08] Analyzed 21170/180579 patents (0.4/sec, ~6992.0 min remaining)
[07:21:05] Analyzed 21180/180579 patents (0.4/sec, ~6995.5 min remaining)
[07:21:23] Analyzed 21190/180579 patents (0.4/sec, ~6994.0 min remaining)
[07:21:36] Analyzed 21200/180579 patents (0.4/sec, ~6991.9 min remaining)
[07:21:39] Analyzed 21210/180579 patents (0.4/sec, ~6988.6 min remaining)
[07:21:49] Analyzed 21220/180579 patents (0.4/sec, ~6986.1 min remaining)
[07:21:52] Analyzed 21230/180579 patents (0.4/sec, ~6982.7 min remaining)
[07:22:15] Analyzed 21240/180579 patents (0.4/sec, ~6981.8 min remaining)
[07:22:26] Analyzed 21250/180579 patents (0.4/sec, ~6979.5 min remaining)
[07:22:35] Analyzed 21260/180579 patents (0.4/sec, ~6976.9 min remaining)
[07:22:55] Analyzed 21270/180579 patents (0.4/sec, ~6975.7 min remaining)
[07:22:58] Analyzed 21280/180579 patents (0.4/sec, ~6972.4 min remaining)
[07:23:06] Analyzed 21290/180579 patents (0.4/sec, ~6969.7 min remaining)
[07:23:32] Analyzed 21300/180579 patents (0.4/sec, ~6969.1 min remaining)
[07:23:52] Analyzed 21310/180579 patents (0.4/sec, ~6967.9 min remaining)
[07:24:21] Analyzed 21320/180579 patents (0.4/sec, ~6967.8 min remaining)
[07:24:28] Analyzed 21330/180579 patents (0.4/sec, ~6965.0 min remaining)
[07:24:40] Analyzed 21340/180579 patents (0.4/sec, ~6962.8 min remaining)
[07:25:19] Analyzed 21350/180579 patents (0.4/sec, ~6963.9 min remaining)
[07:26:25] Analyzed 21360/180579 patents (0.4/sec, ~6968.4 min remaining)
[07:27:09] Analyzed 21370/180579 patents (0.4/sec, ~6970.2 min remaining)
[07:27:18] Analyzed 21380/180579 patents (0.4/sec, ~6967.6 min remaining)
[07:28:18] Analyzed 21390/180579 patents (0.4/sec, ~6971.4 min remaining)
[07:29:28] Analyzed 21400/180579 patents (0.4/sec, ~6976.4 min remaining)
[07:29:36] Analyzed 21410/180579 patents (0.4/sec, ~6973.7 min remaining)
[07:29:39] Analyzed 21420/180579 patents (0.4/sec, ~6970.3 min remaining)
[07:30:15] Analyzed 21430/180579 patents (0.4/sec, ~6971.1 min remaining)
[07:30:37] Analyzed 21440/180579 patents (0.4/sec, ~6970.1 min remaining)
[07:30:40] Analyzed 21450/180579 patents (0.4/sec, ~6966.8 min remaining)
[07:31:18] Analyzed 21460/180579 patents (0.4/sec, ~6967.8 min remaining)
[07:31:57] Analyzed 21470/180579 patents (0.4/sec, ~6969.0 min remaining)
[07:32:56] Analyzed 21480/180579 patents (0.4/sec, ~6972.6 min remaining)
[07:33:21] Analyzed 21490/180579 patents (0.4/sec, ~6971.9 min remaining)
[07:33:29] Analyzed 21500/180579 patents (0.4/sec, ~6969.3 min remaining)
[07:34:41] Analyzed 21510/180579 patents (0.4/sec, ~6974.4 min remaining)
[07:35:16] Analyzed 21520/180579 patents (0.4/sec, ~6975.1 min remaining)
[07:35:54] Analyzed 21530/180579 patents (0.4/sec, ~6976.1 min remaining)
[07:36:36] Analyzed 21540/180579 patents (0.4/sec, ~6977.6 min remaining)
[07:37:13] Analyzed 21550/180579 patents (0.4/sec, ~6978.4 min remaining)
[07:38:07] Analyzed 21560/180579 patents (0.4/sec, ~6981.4 min remaining)
[07:39:05] Analyzed 21570/180579 patents (0.4/sec, ~6984.8 min remaining)
[07:39:26] Analyzed 21580/180579 patents (0.4/sec, ~6983.8 min remaining)
[07:39:54] Analyzed 21590/180579 patents (0.4/sec, ~6983.6 min remaining)
[07:40:22] Analyzed 21600/180579 patents (0.4/sec, ~6983.3 min remaining)
[07:40:56] Analyzed 21610/180579 patents (0.4/sec, ~6983.9 min remaining)
[07:41:20] Analyzed 21620/180579 patents (0.4/sec, ~6983.1 min remaining)
[07:41:48] Analyzed 21630/180579 patents (0.4/sec, ~6982.8 min remaining)
[07:42:48] Analyzed 21640/180579 patents (0.4/sec, ~6986.5 min remaining)
[07:43:38] Analyzed 21650/180579 patents (0.4/sec, ~6989.0 min remaining)
[07:44:01] Analyzed 21660/180579 patents (0.4/sec, ~6988.1 min remaining)
[07:44:10] Analyzed 21670/180579 patents (0.4/sec, ~6985.5 min remaining)
[07:44:20] Analyzed 21680/180579 patents (0.4/sec, ~6983.1 min remaining)
[07:44:42] Analyzed 21690/180579 patents (0.4/sec, ~6982.2 min remaining)
[07:45:01] Analyzed 21700/180579 patents (0.4/sec, ~6980.7 min remaining)
[07:45:08] Analyzed 21710/180579 patents (0.4/sec, ~6977.9 min remaining)
[07:45:16] Analyzed 21720/180579 patents (0.4/sec, ~6975.3 min remaining)
[07:45:26] Analyzed 21730/180579 patents (0.4/sec, ~6972.8 min remaining)
[07:45:56] Analyzed 21740/180579 patents (0.4/sec, ~6972.9 min remaining)
[07:46:32] Analyzed 21750/180579 patents (0.4/sec, ~6973.6 min remaining)
[07:47:03] Analyzed 21760/180579 patents (0.4/sec, ~6973.8 min remaining)
[07:47:59] Analyzed 21770/180579 patents (0.4/sec, ~6976.9 min remaining)
[07:48:15] Analyzed 21780/180579 patents (0.4/sec, ~6975.2 min remaining)
[07:48:18] Analyzed 21790/180579 patents (0.4/sec, ~6972.0 min remaining)
[07:48:21] Analyzed 21800/180579 patents (0.4/sec, ~6968.7 min remaining)
[07:48:55] Analyzed 21810/180579 patents (0.4/sec, ~6969.2 min remaining)
[07:49:11] Analyzed 21820/180579 patents (0.4/sec, ~6967.4 min remaining)
[07:49:20] Analyzed 21830/180579 patents (0.4/sec, ~6964.9 min remaining)
[07:49:34] Analyzed 21840/180579 patents (0.4/sec, ~6962.9 min remaining)
[07:49:59] Analyzed 21850/180579 patents (0.4/sec, ~6962.4 min remaining)
[07:50:15] Analyzed 21860/180579 patents (0.4/sec, ~6960.7 min remaining)
[07:50:36] Analyzed 21870/180579 patents (0.4/sec, ~6959.7 min remaining)
[07:50:40] Analyzed 21880/180579 patents (0.4/sec, ~6956.4 min remaining)
[07:50:49] Analyzed 21890/180579 patents (0.4/sec, ~6953.9 min remaining)
[07:51:00] Analyzed 21900/180579 patents (0.4/sec, ~6951.6 min remaining)
[07:51:32] Analyzed 21910/180579 patents (0.4/sec, ~6952.0 min remaining)
[07:52:45] Analyzed 21920/180579 patents (0.4/sec, ~6957.2 min remaining)
[07:53:14] Analyzed 21930/180579 patents (0.4/sec, ~6957.1 min remaining)
[07:53:37] Analyzed 21940/180579 patents (0.4/sec, ~6956.2 min remaining)
[07:54:08] Analyzed 21950/180579 patents (0.4/sec, ~6956.3 min remaining)
[07:54:52] Analyzed 21960/180579 patents (0.4/sec, ~6958.1 min remaining)
[07:55:54] Analyzed 21970/180579 patents (0.4/sec, ~6961.9 min remaining)
[07:57:18] Analyzed 21980/180579 patents (0.4/sec, ~6968.4 min remaining)
[07:57:26] Analyzed 21990/180579 patents (0.4/sec, ~6965.7 min remaining)
[07:57:51] Analyzed 22000/180579 patents (0.4/sec, ~6965.1 min remaining)
[07:58:08] Analyzed 22010/180579 patents (0.4/sec, ~6963.6 min remaining)
[07:58:41] Analyzed 22020/180579 patents (0.4/sec, ~6963.9 min remaining)
[07:59:11] Analyzed 22030/180579 patents (0.4/sec, ~6963.8 min remaining)
[07:59:39] Analyzed 22040/180579 patents (0.4/sec, ~6963.7 min remaining)
[07:59:56] Analyzed 22050/180579 patents (0.4/sec, ~6962.1 min remaining)
[08:00:25] Analyzed 22060/180579 patents (0.4/sec, ~6962.0 min remaining)
[08:00:39] Analyzed 22070/180579 patents (0.4/sec, ~6960.0 min remaining)
[08:00:51] Analyzed 22080/180579 patents (0.4/sec, ~6957.9 min remaining)
[08:01:21] Analyzed 22090/180579 patents (0.4/sec, ~6957.9 min remaining)
[08:02:35] Analyzed 22100/180579 patents (0.4/sec, ~6963.1 min remaining)
[08:03:18] Analyzed 22110/180579 patents (0.4/sec, ~6964.7 min remaining)
[08:03:49] Analyzed 22120/180579 patents (0.4/sec, ~6964.8 min remaining)
[08:04:41] Analyzed 22130/180579 patents (0.4/sec, ~6967.4 min remaining)
[08:05:19] Analyzed 22140/180579 patents (0.4/sec, ~6968.4 min remaining)
[08:06:29] Analyzed 22150/180579 patents (0.4/sec, ~6973.2 min remaining)
[08:06:42] Analyzed 22160/180579 patents (0.4/sec, ~6971.0 min remaining)
[08:06:50] Analyzed 22170/180579 patents (0.4/sec, ~6968.5 min remaining)
[08:07:03] Analyzed 22180/180579 patents (0.4/sec, ~6966.5 min remaining)
[08:07:33] Analyzed 22190/180579 patents (0.4/sec, ~6966.5 min remaining)
[08:07:57] Analyzed 22200/180579 patents (0.4/sec, ~6965.6 min remaining)
[08:09:00] Analyzed 22210/180579 patents (0.4/sec, ~6969.6 min remaining)
[08:09:28] Analyzed 22220/180579 patents (0.4/sec, ~6969.4 min remaining)
[08:09:39] Analyzed 22230/180579 patents (0.4/sec, ~6967.1 min remaining)
[08:09:56] Analyzed 22240/180579 patents (0.4/sec, ~6965.6 min remaining)
[08:10:50] Analyzed 22250/180579 patents (0.4/sec, ~6968.4 min remaining)
[08:11:42] Analyzed 22260/180579 patents (0.4/sec, ~6971.0 min remaining)
[08:12:13] Analyzed 22270/180579 patents (0.4/sec, ~6971.0 min remaining)
[08:12:58] Analyzed 22280/180579 patents (0.4/sec, ~6972.9 min remaining)
[08:13:26] Analyzed 22290/180579 patents (0.4/sec, ~6972.5 min remaining)
[08:13:29] Analyzed 22300/180579 patents (0.4/sec, ~6969.3 min remaining)
[08:13:32] Analyzed 22310/180579 patents (0.4/sec, ~6966.1 min remaining)
[08:13:47] Analyzed 22320/180579 patents (0.4/sec, ~6964.4 min remaining)
[08:13:55] Analyzed 22330/180579 patents (0.4/sec, ~6961.8 min remaining)
[08:13:58] Analyzed 22340/180579 patents (0.4/sec, ~6958.6 min remaining)
[08:14:11] Analyzed 22350/180579 patents (0.4/sec, ~6956.5 min remaining)
[08:14:52] Analyzed 22360/180579 patents (0.4/sec, ~6957.8 min remaining)
[08:15:14] Analyzed 22370/180579 patents (0.4/sec, ~6956.8 min remaining)
[08:15:54] Analyzed 22380/180579 patents (0.4/sec, ~6958.0 min remaining)
[08:16:44] Analyzed 22390/180579 patents (0.4/sec, ~6960.3 min remaining)
[08:17:04] Analyzed 22400/180579 patents (0.4/sec, ~6959.1 min remaining)
[08:17:07] Analyzed 22410/180579 patents (0.4/sec, ~6956.0 min remaining)
[08:17:18] Analyzed 22420/180579 patents (0.4/sec, ~6953.7 min remaining)
[08:17:24] Analyzed 22430/180579 patents (0.4/sec, ~6950.8 min remaining)
[08:17:55] Analyzed 22440/180579 patents (0.4/sec, ~6951.0 min remaining)
[08:18:11] Analyzed 22450/180579 patents (0.4/sec, ~6949.4 min remaining)
[08:18:15] Analyzed 22460/180579 patents (0.4/sec, ~6946.2 min remaining)
[08:18:23] Analyzed 22470/180579 patents (0.4/sec, ~6943.6 min remaining)
[08:18:36] Analyzed 22480/180579 patents (0.4/sec, ~6941.7 min remaining)
[08:18:46] Analyzed 22490/180579 patents (0.4/sec, ~6939.3 min remaining)
[08:19:01] Analyzed 22500/180579 patents (0.4/sec, ~6937.6 min remaining)
[08:19:28] Analyzed 22510/180579 patents (0.4/sec, ~6937.2 min remaining)
[08:19:36] Analyzed 22520/180579 patents (0.4/sec, ~6934.6 min remaining)
[08:19:49] Analyzed 22530/180579 patents (0.4/sec, ~6932.6 min remaining)
[08:20:31] Analyzed 22540/180579 patents (0.4/sec, ~6934.1 min remaining)
[08:21:20] Analyzed 22550/180579 patents (0.4/sec, ~6936.2 min remaining)
[08:22:00] Analyzed 22560/180579 patents (0.4/sec, ~6937.3 min remaining)
[08:22:20] Analyzed 22570/180579 patents (0.4/sec, ~6936.2 min remaining)
[08:22:23] Analyzed 22580/180579 patents (0.4/sec, ~6933.0 min remaining)
[08:23:07] Analyzed 22590/180579 patents (0.4/sec, ~6934.7 min remaining)
[08:23:28] Analyzed 22600/180579 patents (0.4/sec, ~6933.6 min remaining)
[08:24:39] Analyzed 22610/180579 patents (0.4/sec, ~6938.4 min remaining)
[08:26:00] Analyzed 22620/180579 patents (0.4/sec, ~6944.2 min remaining)
[08:26:20] Analyzed 22630/180579 patents (0.4/sec, ~6943.1 min remaining)
[08:26:33] Analyzed 22640/180579 patents (0.4/sec, ~6941.1 min remaining)
[08:26:49] Analyzed 22650/180579 patents (0.4/sec, ~6939.5 min remaining)
[08:27:18] Analyzed 22660/180579 patents (0.4/sec, ~6939.3 min remaining)
[08:28:05] Analyzed 22670/180579 patents (0.4/sec, ~6941.3 min remaining)
[08:28:17] Analyzed 22680/180579 patents (0.4/sec, ~6939.1 min remaining)
[08:28:51] Analyzed 22690/180579 patents (0.4/sec, ~6939.7 min remaining)
[08:29:00] Analyzed 22700/180579 patents (0.4/sec, ~6937.2 min remaining)
[08:29:27] Analyzed 22710/180579 patents (0.4/sec, ~6936.8 min remaining)
[08:29:38] Analyzed 22720/180579 patents (0.4/sec, ~6934.5 min remaining)
[08:29:58] Analyzed 22730/180579 patents (0.4/sec, ~6933.4 min remaining)
[08:30:56] Analyzed 22740/180579 patents (0.4/sec, ~6936.6 min remaining)
[08:32:09] Analyzed 22750/180579 patents (0.4/sec, ~6941.5 min remaining)
[08:32:44] Analyzed 22760/180579 patents (0.4/sec, ~6942.2 min remaining)
[08:34:03] Analyzed 22770/180579 patents (0.4/sec, ~6947.7 min remaining)
[08:34:30] Analyzed 22780/180579 patents (0.4/sec, ~6947.4 min remaining)
[08:34:56] Analyzed 22790/180579 patents (0.4/sec, ~6947.0 min remaining)
[08:36:07] Analyzed 22800/180579 patents (0.4/sec, ~6951.6 min remaining)
[08:37:06] Analyzed 22810/180579 patents (0.4/sec, ~6954.9 min remaining)
[08:37:16] Analyzed 22820/180579 patents (0.4/sec, ~6952.5 min remaining)
[08:37:30] Analyzed 22830/180579 patents (0.4/sec, ~6950.8 min remaining)
[08:38:02] Analyzed 22840/180579 patents (0.4/sec, ~6950.9 min remaining)
[08:38:18] Analyzed 22850/180579 patents (0.4/sec, ~6949.2 min remaining)
[08:38:44] Analyzed 22860/180579 patents (0.4/sec, ~6948.8 min remaining)
[08:39:01] Analyzed 22870/180579 patents (0.4/sec, ~6947.2 min remaining)
ERROR patent 157707: database is locked
ERROR patent 157706: database is locked
[08:40:04] Analyzed 22880/180579 patents (0.4/sec, ~6951.0 min remaining)
[08:41:08] Analyzed 22890/180579 patents (0.4/sec, ~6954.9 min remaining)
ERROR patent 157683: database is locked
[08:42:10] Analyzed 22900/180579 patents (0.4/sec, ~6958.5 min remaining)
